product_id,name,category,brand,price,stock,rating,created_at
P00001,"Laptop 14"" 2.0",Electronics,PixelPeak,1399.03,138,3.7,2025-06-14
P00002,Portable SSD Max M,Electronics,ZenCore,805.93,211,3.9,2024-05-21
P00003,4K Monitor - Green,Electronics,Neutrino,522.48,261,5.0,2025-10-16
P00004,"Tablet 10""",Electronics,Voltix,985.75,54,3.9,2025-04-16
P00005,Portable SSD Lite,Electronics,OrbiTech,508.23,20,4.2,2025-03-12
P00006,Soundbar - Red,Electronics,OrbiTech,786.98,66,5.0,2025-09-07
P00007,Mechanical Keyboard - Black,Electronics,Neutrino,537.59,175,4.4,2025-08-30
P00008,"Laptop 14"" Plus",Electronics,Voltix,1187.46,188,4.6,2025-03-13
P00009,Action Camera - Green,Electronics,OrbiTech,502.12,312,5.0,2025-03-27
P00010,Soundbar,Electronics,Auralite,1340.90,171,3.7,2025-02-25
P00011,4K Monitor,Electronics,Neutrino,24.92,1,3.3,2025-07-13
P00012,Action Camera XL,Electronics,Auralite,636.73,124,2.8,2025-04-14
P00013,Gaming Mouse Plus M,Electronics,Voltix,787.02,127,4.9,2024-08-18
P00014,Bluetooth Speaker Plus,Electronics,Auralite,865.42,69,3.8,2025-02-23
P00015,Noise-Canceling Earbuds Lite,Electronics,Auralite,1339.39,30,4.0,2024-10-12
P00016,Action Camera - Blue,Electronics,ZenCore,1322.90,325,4.8,2025-09-13
P00017,"Laptop 14"" Pro S",Electronics,Auralite,481.53,252,3.5,2025-09-19
P00018,Gaming Mouse,Electronics,Neutrino,1402.13,15,4.1,2025-06-28
P00019,USB-C Hub - White,Electronics,BlueWave,1093.57,198,4.6,2025-09-08
P00020,USB-C Hub - Red,Electronics,PixelPeak,317.33,76,4.3,2025-06-25
P00021,Wireless Headphones,Electronics,BlueWave,377.20,248,4.3,2024-10-17
P00022,"Laptop 14"" 2.0 - Black",Electronics,Neutrino,833.21,336,4.4,2024-08-26
P00023,Wireless Headphones M,Electronics,BlueWave,697.05,225,5.0,2024-09-17
P00024,"Tablet 10"" - Green",Electronics,Auralite,667.70,163,4.2,2024-12-03
P00025,Soundbar Plus,Electronics,PixelPeak,739.53,60,4.4,2025-08-28
P00026,USB-C Hub Plus,Electronics,Auralite,1356.47,168,4.3,2025-05-06
P00027,Noise-Canceling Earbuds Max,Electronics,PixelPeak,1352.11,283,3.3,2025-03-14
P00028,"Tablet 10"" - Black",Electronics,Neutrino,128.34,35,3.7,2025-06-16
P00029,Mechanical Keyboard - Blue,Electronics,Voltix,1106.59,228,3.6,2024-07-15
P00030,Action Camera,Electronics,ZenCore,1027.70,122,3.3,2024-09-05
P00031,"Tablet 10"" Plus",Electronics,PixelPeak,648.45,63,4.6,2024-09-20
P00032,Noise-Canceling Earbuds,Electronics,Auralite,784.44,141,5.0,2025-09-25
P00033,Smartwatch - White,Electronics,ZenCore,61.61,203,2.9,2025-02-05
P00034,Bluetooth Speaker M,Electronics,Neutrino,853.91,68,5.0,2024-11-17
P00035,4K Monitor,Electronics,Neutrino,62.90,219,3.2,2024-09-03
P00036,"Tablet 10""",Electronics,ZenCore,852.45,143,4.7,2024-05-23
P00037,Action Camera Plus,Electronics,Auralite,1376.90,81,4.2,2025-07-11
P00038,Bluetooth Speaker Pro,Electronics,OrbiTech,725.66,199,3.9,2025-06-17
P00039,Portable SSD Lite S,Electronics,OrbiTech,546.80,347,4.0,2025-05-08
P00040,Gaming Mouse - Graphite,Electronics,Auralite,1297.21,13,4.4,2024-10-29
P00041,Portable SSD Lite - Graphite,Electronics,OrbiTech,1242.64,152,4.2,2024-07-14
P00042,Wireless Headphones Pro S - Silver,Electronics,OrbiTech,523.27,151,3.7,2025-02-27
P00043,Gaming Mouse M,Electronics,PixelPeak,1175.69,64,3.7,2025-03-13
P00044,Bluetooth Speaker Lite M,Electronics,Voltix,1425.09,293,4.4,2024-12-06
P00045,Gaming Mouse Lite S,Electronics,Auralite,486.97,130,4.9,2025-08-18
P00046,4K Monitor - White,Electronics,BlueWave,1390.69,24,4.7,2025-07-30
P00047,4K Monitor,Electronics,OrbiTech,226.26,18,4.5,2024-08-15
P00048,4K Monitor,Electronics,Voltix,748.05,53,4.6,2024-10-20
P00049,Bluetooth Speaker XL,Electronics,OrbiTech,215.56,184,3.8,2025-04-02
P00050,Gaming Mouse Pro S,Electronics,BlueWave,270.97,67,4.5,2024-09-21
P00051,Smartwatch Pro L - Graphite,Electronics,Voltix,394.22,130,4.0,2024-10-07
P00052,Portable SSD Plus,Electronics,OrbiTech,271.37,256,4.1,2025-04-13
P00053,"Tablet 10""",Electronics,Voltix,1433.70,23,3.7,2025-01-28
P00054,4K Monitor,Electronics,Auralite,962.86,218,4.2,2025-05-22
P00055,USB-C Hub,Electronics,Auralite,846.15,301,4.2,2024-09-15
P00056,Wireless Headphones Max,Electronics,Auralite,639.32,53,3.6,2024-06-21
P00057,USB-C Hub Pro,Electronics,PixelPeak,1371.22,39,5.0,2025-03-20
P00058,4K Monitor,Electronics,Neutrino,1368.99,30,2.9,2025-01-25
P00059,Action Camera 2.0,Electronics,Voltix,885.27,173,3.9,2024-08-24
P00060,Mechanical Keyboard,Electronics,Voltix,1462.40,337,3.9,2025-05-25
P00061,Action Camera,Electronics,OrbiTech,1259.30,115,4.0,2024-11-01
P00062,"Laptop 14"" 2.0 - White",Electronics,Voltix,132.35,103,4.1,2025-09-23
P00063,Portable SSD,Electronics,Voltix,289.75,137,3.7,2025-04-28
P00064,USB-C Hub S,Electronics,PixelPeak,298.11,228,4.2,2024-08-15
P00065,Gaming Mouse Plus S,Electronics,BlueWave,562.30,5,4.0,2025-07-05
P00066,Soundbar Plus,Electronics,ZenCore,146.53,79,4.3,2024-07-27
P00067,Smartwatch Pro - Blue,Electronics,BlueWave,631.64,279,3.1,2024-08-11
P00068,4K Monitor L,Electronics,Voltix,812.89,173,4.1,2025-01-17
P00069,Gaming Mouse M,Electronics,BlueWave,1042.31,272,3.8,2025-08-04
P00070,Smartwatch S,Electronics,Voltix,870.07,218,4.4,2025-03-05
P00071,Soundbar Pro S,Electronics,OrbiTech,1425.74,49,4.3,2024-07-28
P00072,Soundbar 2.0,Electronics,ZenCore,231.87,299,3.0,2025-10-19
P00073,Soundbar Max M,Electronics,Neutrino,317.14,169,3.8,2025-02-11
P00074,USB-C Hub - Black,Electronics,ZenCore,1337.23,118,4.6,2024-07-22
P00075,4K Monitor,Electronics,OrbiTech,1445.86,238,4.6,2024-10-23
P00076,USB-C Hub XL,Electronics,BlueWave,506.06,222,4.7,2024-11-13
P00077,"Tablet 10"" S - Black",Electronics,ZenCore,192.98,328,4.4,2025-06-14
P00078,Mechanical Keyboard 2.0 XL,Electronics,OrbiTech,1151.32,15,4.7,2025-01-21
P00079,Smartwatch,Electronics,Auralite,1203.52,337,3.0,2025-02-13
P00080,Bluetooth Speaker,Electronics,Voltix,1097.74,229,3.6,2024-07-03
P00081,Wireless Headphones,Electronics,Voltix,852.73,47,4.2,2024-08-10
P00082,Gaming Mouse,Electronics,ZenCore,317.38,154,3.6,2025-06-01
P00083,Portable SSD 2.0,Electronics,Neutrino,1131.97,239,3.7,2024-10-06
P00084,4K Monitor XL,Electronics,ZenCore,1389.73,253,4.7,2024-12-14
P00085,Portable SSD,Electronics,Neutrino,968.47,4,3.2,2024-06-10
P00086,"Tablet 10"" Pro - Black",Electronics,Voltix,827.84,3,3.4,2025-10-10
P00087,"Laptop 14""",Electronics,OrbiTech,772.23,46,3.2,2024-10-17
P00088,"Laptop 14"" Lite",Electronics,PixelPeak,1290.81,285,4.3,2025-05-01
P00089,"Tablet 10"" - Graphite",Electronics,Voltix,1101.99,335,3.8,2024-09-05
P00090,"Tablet 10"" Max",Electronics,Neutrino,1019.90,37,3.8,2025-09-24
P00091,Gaming Mouse Pro,Electronics,Auralite,415.47,320,4.8,2024-05-12
P00092,Smartwatch,Electronics,ZenCore,1145.45,202,4.1,2025-01-03
P00093,Bluetooth Speaker - Blue,Electronics,ZenCore,636.58,168,2.9,2024-05-03
P00094,Wireless Headphones,Electronics,Auralite,995.22,161,3.8,2025-01-20
P00095,Gaming Mouse,Electronics,ZenCore,92.53,147,5.0,2025-07-23
P00096,Bluetooth Speaker,Electronics,ZenCore,1493.82,5,4.0,2024-09-19
P00097,Action Camera - White,Electronics,ZenCore,129.17,48,5.0,2025-07-25
P00098,Soundbar Max,Electronics,Neutrino,1145.22,335,3.8,2024-11-27
P00099,USB-C Hub Plus,Electronics,Voltix,408.92,240,3.4,2024-08-13
P00100,USB-C Hub S,Electronics,Voltix,706.74,207,3.1,2024-10-09
P00101,Leggings Max - Silver,Clothing,AeroLoom,245.35,92,4.7,2025-06-24
P00102,Jacket Max XL,Clothing,Cotton&Co,110.77,464,4.1,2025-01-25
P00103,Socks (5-pack) 2.0 M,Clothing,Nordline,84.42,295,5.0,2025-04-30
P00104,Hoodie - Black,Clothing,UrbanTrail,106.25,146,5.0,2024-10-22
P00105,Basic T-Shirt Max,Clothing,AeroLoom,24.34,702,5.0,2024-06-10
P00106,Hoodie,Clothing,Nordline,184.13,548,4.2,2024-12-19
P00107,Jacket,Clothing,UrbanTrail,44.00,86,4.3,2025-09-28
P00108,Raincoat 2.0,Clothing,UrbanTrail,131.54,351,3.9,2024-11-23
P00109,Jeans XL,Clothing,AeroLoom,113.52,473,3.6,2025-05-11
P00110,Jeans,Clothing,UrbanTrail,104.87,396,4.3,2025-08-24
P00111,Chinos Pro - Red,Clothing,Nordline,195.07,425,5.0,2025-09-05
P00112,Polo Shirt,Clothing,AeroLoom,121.06,234,5.0,2024-05-14
P00113,Jacket L,Clothing,AeroLoom,29.28,647,2.8,2024-11-06
P00114,Raincoat,Clothing,AeroLoom,43.81,761,4.8,2024-09-12
P00115,Jeans - Silver,Clothing,PureThread,34.16,318,4.0,2025-08-25
P00116,Jacket,Clothing,AeroLoom,140.53,148,4.5,2024-11-14
P00117,Leggings L,Clothing,Seaside,18.10,45,4.9,2025-04-24
P00118,Jacket,Clothing,PureThread,223.66,88,4.2,2024-05-26
P00119,Sneakers Pro XL,Clothing,Meridian Wear,185.79,331,3.1,2025-08-31
P00120,Basic T-Shirt Lite,Clothing,PureThread,75.34,520,4.4,2025-10-07
P00121,Hoodie M,Clothing,PureThread,52.36,701,4.4,2025-01-24
P00122,Jeans,Clothing,Cotton&Co,35.78,525,4.2,2024-09-19
P00123,Polo Shirt 2.0,Clothing,AeroLoom,235.50,799,3.8,2024-05-30
P00124,Basic T-Shirt 2.0 - Graphite,Clothing,PureThread,51.30,730,4.0,2025-09-01
P00125,Chinos L - Silver,Clothing,Meridian Wear,205.43,524,3.5,2024-10-11
P00126,Hoodie - Green,Clothing,Nordline,237.98,354,4.0,2024-06-27
P00127,Dress Shirt - White,Clothing,Seaside,91.62,150,4.1,2025-01-05
P00128,Chinos,Clothing,Seaside,138.48,696,3.0,2025-10-03
P00129,Jeans,Clothing,Nordline,73.34,580,4.7,2025-06-06
P00130,Raincoat,Clothing,PureThread,143.43,393,3.2,2024-05-02
P00131,Cap - Black,Clothing,AeroLoom,205.26,681,3.3,2025-02-17
P00132,Dress Shirt Plus - Graphite,Clothing,PureThread,198.67,3,2.4,2025-02-17
P00133,Socks (5-pack),Clothing,Seaside,159.64,228,4.4,2025-09-10
P00134,Polo Shirt - Red,Clothing,Meridian Wear,243.71,303,3.2,2024-10-18
P00135,Sneakers 2.0,Clothing,UrbanTrail,81.46,373,3.9,2024-11-26
P00136,Jacket,Clothing,Seaside,53.04,107,4.1,2025-05-19
P00137,Hoodie,Clothing,Cotton&Co,108.49,44,3.8,2025-06-02
P00138,Hoodie Plus L,Clothing,Cotton&Co,129.18,204,5.0,2024-07-09
P00139,Jacket 2.0,Clothing,Seaside,143.66,748,5.0,2025-04-22
P00140,Cap Lite,Clothing,Nordline,35.55,775,4.6,2025-04-20
P00141,Dress Shirt - Blue,Clothing,AeroLoom,39.97,3,4.9,2025-03-08
P00142,Socks (5-pack),Clothing,PureThread,116.91,608,4.1,2025-06-13
P00143,Socks (5-pack) Max S,Clothing,Meridian Wear,127.88,70,4.0,2025-08-29
P00144,Jeans,Clothing,Nordline,141.04,400,4.6,2024-06-15
P00145,Cap - Green,Clothing,Nordline,193.15,148,3.5,2024-08-23
P00146,Jacket - Green,Clothing,Nordline,122.70,536,4.7,2025-03-20
P00147,Jeans,Clothing,Cotton&Co,54.21,39,3.5,2024-12-09
P00148,Chinos,Clothing,Cotton&Co,8.64,476,5.0,2025-10-17
P00149,Basic T-Shirt,Clothing,Seaside,102.40,426,4.2,2024-06-15
P00150,Leggings L,Clothing,AeroLoom,11.57,434,3.1,2025-06-11
P00151,Polo Shirt - Silver,Clothing,PureThread,227.75,729,4.3,2024-07-08
P00152,Leggings Max S,Clothing,Nordline,233.50,400,3.8,2025-05-21
P00153,Raincoat,Clothing,Nordline,94.33,440,2.2,2024-05-29
P00154,Jeans Plus L,Clothing,Meridian Wear,223.62,785,4.7,2024-08-10
P00155,Basic T-Shirt Lite,Clothing,UrbanTrail,146.12,206,4.1,2025-06-30
P00156,Dress Shirt Max,Clothing,Cotton&Co,151.34,311,2.2,2025-09-05
P00157,Polo Shirt Pro XL,Clothing,Cotton&Co,14.93,683,4.5,2024-06-04
P00158,Cap Pro,Clothing,Nordline,71.08,114,3.5,2024-10-09
P00159,Basic T-Shirt XL,Clothing,AeroLoom,83.32,40,3.9,2025-06-22
P00160,Leggings Lite,Clothing,PureThread,18.50,68,5.0,2025-04-09
P00161,Dress Shirt,Clothing,Meridian Wear,24.95,280,4.1,2025-07-29
P00162,Socks (5-pack),Clothing,Cotton&Co,237.02,587,3.9,2024-05-16
P00163,Raincoat,Clothing,AeroLoom,70.25,192,3.8,2024-11-30
P00164,Sneakers - Blue,Clothing,Nordline,228.06,568,4.5,2024-12-01
P00165,Leggings XL,Clothing,AeroLoom,180.85,617,4.2,2024-07-07
P00166,Cap 2.0,Clothing,AeroLoom,220.22,199,4.1,2025-02-19
P00167,Leggings - Black,Clothing,PureThread,47.96,671,3.7,2024-08-17
P00168,Leggings 2.0 - Green,Clothing,Cotton&Co,222.35,714,4.2,2024-12-02
P00169,Socks (5-pack) Max,Clothing,PureThread,82.45,92,4.2,2024-10-08
P00170,Sneakers,Clothing,UrbanTrail,9.79,68,4.6,2024-06-08
P00171,Leggings,Clothing,Nordline,31.28,58,4.1,2024-05-24
P00172,Raincoat Pro,Clothing,Nordline,103.93,597,3.7,2025-06-13
P00173,Chinos,Clothing,PureThread,214.42,642,3.7,2025-08-16
P00174,Hoodie 2.0 XL - Blue,Clothing,PureThread,152.38,546,4.9,2025-08-06
P00175,Hoodie Lite L - White,Clothing,Nordline,30.03,687,3.9,2025-09-29
P00176,Jeans Max,Clothing,AeroLoom,12.52,56,3.0,2024-07-22
P00177,Polo Shirt,Clothing,AeroLoom,61.45,778,3.8,2024-07-13
P00178,Jacket,Clothing,AeroLoom,155.19,477,4.9,2025-07-20
P00179,Leggings Plus L,Clothing,AeroLoom,82.65,136,3.5,2024-10-01
P00180,Chinos,Clothing,Cotton&Co,135.28,778,3.7,2025-07-05
P00181,Dress Shirt,Clothing,PureThread,103.60,783,5.0,2025-04-12
P00182,Dress Shirt 2.0 S,Clothing,Seaside,6.13,410,3.8,2025-07-17
P00183,Jeans 2.0 - Blue,Clothing,Nordline,164.43,360,3.5,2024-07-02
P00184,Hoodie - Black,Clothing,Nordline,196.66,303,3.5,2025-03-05
P00185,Sneakers,Clothing,Nordline,51.40,534,2.9,2025-07-13
P00186,Chinos Lite,Clothing,Seaside,126.13,661,4.5,2024-12-28
P00187,Chinos,Clothing,Meridian Wear,52.96,461,4.5,2024-05-30
P00188,Hoodie,Clothing,UrbanTrail,204.27,35,3.5,2024-11-17
P00189,Polo Shirt,Clothing,Meridian Wear,240.17,772,3.4,2024-11-02
P00190,Basic T-Shirt Lite S,Clothing,UrbanTrail,63.72,391,3.2,2024-06-11
P00191,Jeans Pro - Graphite,Clothing,Nordline,171.82,732,3.2,2024-06-08
P00192,Jacket Lite L - Red,Clothing,Seaside,222.71,580,3.7,2025-06-04
P00193,Hoodie,Clothing,UrbanTrail,34.90,287,4.3,2025-08-18
P00194,Sneakers L,Clothing,Meridian Wear,177.36,690,4.0,2024-06-16
P00195,Dress Shirt Pro,Clothing,UrbanTrail,198.34,301,4.3,2025-04-25
P00196,Jeans,Clothing,Nordline,231.74,465,4.7,2024-08-01
P00197,Polo Shirt S,Clothing,AeroLoom,85.13,516,4.6,2025-10-14
P00198,Leggings,Clothing,Nordline,40.05,377,3.5,2024-05-26
P00199,Chinos Max M,Clothing,PureThread,38.03,713,3.5,2025-04-02
P00200,Jacket Plus M,Clothing,Meridian Wear,40.52,393,3.3,2024-06-25
P00201,Granola 750g,Groceries,GreenVale,31.60,766,3.5,2025-08-14
P00202,Olive Oil 1L - Silver,Groceries,Everfarm,26.73,1843,4.0,2024-05-14
P00203,Tomato Sauce 400g Max XL,Groceries,Everfarm,34.12,1030,3.9,2024-12-06
P00204,Olive Oil 1L M,Groceries,DailyChoice,36.10,1126,3.8,2025-08-13
P00205,Green Tea 50 bags M,Groceries,FreshField,26.45,186,4.7,2024-09-29
P00206,Green Tea 50 bags - Black,Groceries,SunHarvest,20.04,1024,2.7,2024-10-02
P00207,Arabica Coffee Beans 1kg,Groceries,FreshField,0.90,1803,5.0,2025-10-11
P00208,Pasta Fusilli 500g Plus,Groceries,Everfarm,38.17,360,3.2,2024-08-24
P00209,Olive Oil 1L M - Green,Groceries,GreenVale,18.64,1192,4.7,2025-01-30
P00210,Green Tea 50 bags Max,Groceries,Everfarm,35.94,1054,4.7,2024-08-01
P00211,Arabica Coffee Beans 1kg Plus,Groceries,FreshField,19.88,1804,3.8,2025-01-09
P00212,Sea Salt 500g,Groceries,Everfarm,19.40,1990,3.6,2025-01-24
P00213,Green Tea 50 bags,Groceries,Pure&Simple,38.52,730,4.6,2024-05-09
P00214,Arabica Coffee Beans 1kg,Groceries,SunHarvest,37.91,1172,4.1,2025-07-25
P00215,Pasta Fusilli 500g Max M,Groceries,GreenVale,4.49,922,3.3,2025-09-21
P00216,Basmati Rice 1kg L - White,Groceries,DailyChoice,18.39,1407,4.5,2025-08-11
P00217,Tomato Sauce 400g,Groceries,FreshField,10.35,1946,4.2,2024-11-13
P00218,Dark Chocolate 85% 100g XL - Green,Groceries,Everfarm,30.33,902,4.8,2025-08-07
P00219,Tomato Sauce 400g,Groceries,GreenVale,29.10,256,2.8,2025-06-05
P00220,Basmati Rice 1kg Plus - White,Groceries,FreshField,33.79,1555,4.9,2025-10-15
P00221,Basmati Rice 1kg Max L,Groceries,SunHarvest,4.76,615,4.6,2025-08-16
P00222,Basmati Rice 1kg Lite S,Groceries,DailyChoice,38.30,421,4.9,2025-08-06
P00223,Granola 750g Plus - Green,Groceries,Everfarm,16.09,205,4.8,2025-07-14
P00224,Organic Oat Milk 1L,Groceries,DailyChoice,19.23,122,5.0,2024-06-23
P00225,Dark Chocolate 85% 100g,Groceries,DailyChoice,37.93,863,5.0,2025-07-11
P00226,Sea Salt 500g Max - Blue,Groceries,DailyChoice,29.72,1088,4.2,2024-09-09
P00227,Tomato Sauce 400g - Black,Groceries,Pure&Simple,5.72,959,3.9,2024-11-28
P00228,Olive Oil 1L,Groceries,FreshField,29.25,1552,3.7,2025-10-19
P00229,Organic Oat Milk 1L,Groceries,SunHarvest,6.03,1111,5.0,2024-09-03
P00230,Green Tea 50 bags - Silver,Groceries,Everfarm,23.99,802,3.9,2024-12-15
P00231,Honey 500g 2.0 - White,Groceries,SunHarvest,34.76,1368,2.5,2024-07-11
P00232,Sea Salt 500g - White,Groceries,Everfarm,34.37,686,3.3,2024-08-25
P00233,Olive Oil 1L,Groceries,Pure&Simple,34.54,57,4.2,2025-07-10
P00234,Green Tea 50 bags S - Red,Groceries,Everfarm,8.08,87,4.4,2024-08-11
P00235,Organic Oat Milk 1L,Groceries,GreenVale,26.05,1753,3.4,2024-05-24
P00236,Arabica Coffee Beans 1kg Pro XL - Blue,Groceries,DailyChoice,33.57,596,4.7,2025-03-26
P00237,Honey 500g 2.0 M,Groceries,DailyChoice,13.14,1185,5.0,2024-05-27
P00238,Olive Oil 1L M,Groceries,GreenVale,15.43,213,4.0,2025-07-20
P00239,Arabica Coffee Beans 1kg Lite,Groceries,Pure&Simple,21.66,918,3.2,2025-04-01
P00240,Granola 750g Max,Groceries,FreshField,6.11,1943,3.6,2024-09-13
P00241,Basmati Rice 1kg Pro,Groceries,Everfarm,4.39,1960,4.0,2025-02-05
P00242,Almonds 200g Lite XL,Groceries,Everfarm,2.48,651,3.5,2024-09-10
P00243,Pasta Fusilli 500g Max XL,Groceries,FreshField,7.20,420,3.3,2025-07-02
P00244,Basmati Rice 1kg,Groceries,Pure&Simple,14.49,905,5.0,2024-05-25
P00245,Organic Oat Milk 1L,Groceries,GreenVale,13.61,737,5.0,2025-09-05
P00246,Sea Salt 500g,Groceries,FreshField,38.41,1284,4.0,2024-10-10
P00247,Dark Chocolate 85% 100g Lite L - Green,Groceries,DailyChoice,23.61,1173,4.1,2025-08-11
P00248,Pasta Fusilli 500g Lite M,Groceries,DailyChoice,13.27,785,3.5,2025-06-26
P00249,Sea Salt 500g Lite - Graphite,Groceries,FreshField,3.07,1032,3.8,2024-07-27
P00250,Organic Oat Milk 1L Lite S - Red,Groceries,SunHarvest,2.25,540,3.8,2024-10-24
P00251,Honey 500g Lite S,Groceries,Everfarm,8.13,159,3.4,2025-08-26
P00252,Tomato Sauce 400g,Groceries,FreshField,23.40,1975,5.0,2025-03-04
P00253,Basmati Rice 1kg 2.0 - Red,Groceries,Pure&Simple,5.32,1101,2.5,2024-12-03
P00254,Green Tea 50 bags Plus,Groceries,GreenVale,39.84,1286,4.8,2025-01-23
P00255,Almonds 200g - Green,Groceries,FreshField,31.09,1468,4.6,2025-06-12
P00256,Granola 750g XL - Graphite,Groceries,Everfarm,1.99,982,3.2,2024-10-31
P00257,Green Tea 50 bags,Groceries,Everfarm,29.26,103,3.2,2024-11-27
P00258,Tomato Sauce 400g - White,Groceries,Pure&Simple,27.36,1367,4.8,2025-08-06
P00259,Pasta Fusilli 500g - Black,Groceries,Everfarm,32.26,436,4.0,2024-12-28
P00260,Arabica Coffee Beans 1kg - Green,Groceries,FreshField,18.68,832,4.0,2024-06-16
P00261,Sea Salt 500g - Green,Groceries,DailyChoice,13.10,1441,4.5,2025-08-13
P00262,Green Tea 50 bags XL,Groceries,GreenVale,15.17,1889,3.7,2025-08-07
P00263,Honey 500g - Black,Groceries,Pure&Simple,1.73,1775,4.2,2024-06-13
P00264,Almonds 200g,Groceries,DailyChoice,3.59,300,4.1,2025-04-08
P00265,Granola 750g - White,Groceries,DailyChoice,30.38,1109,4.3,2025-02-17
P00266,Dark Chocolate 85% 100g - White,Groceries,Pure&Simple,15.75,583,3.5,2024-09-22
P00267,Dark Chocolate 85% 100g - White,Groceries,SunHarvest,22.69,774,4.9,2025-05-06
P00268,Pasta Fusilli 500g - Silver,Groceries,DailyChoice,38.97,495,3.9,2024-06-12
P00269,Tomato Sauce 400g L - Black,Groceries,GreenVale,16.03,555,3.9,2025-09-11
P00270,Sea Salt 500g,Groceries,SunHarvest,26.67,1700,4.1,2025-04-22
P00271,Almonds 200g Max,Groceries,Everfarm,26.28,1890,3.1,2025-10-08
P00272,Olive Oil 1L - Silver,Groceries,DailyChoice,5.41,1364,4.1,2024-06-27
P00273,Tomato Sauce 400g Max,Groceries,GreenVale,10.80,1406,4.7,2024-11-02
P00274,Almonds 200g - Graphite,Groceries,DailyChoice,28.17,1159,3.5,2025-02-14
P00275,Granola 750g Plus,Groceries,SunHarvest,32.53,1132,4.5,2024-12-24
P00276,Granola 750g,Groceries,Pure&Simple,39.66,691,4.5,2025-04-06
P00277,Almonds 200g Max - White,Groceries,Everfarm,7.20,388,3.7,2025-10-06
P00278,Sea Salt 500g - White,Groceries,Pure&Simple,24.16,1139,3.3,2024-06-13
P00279,Honey 500g,Groceries,DailyChoice,13.03,353,3.4,2024-08-02
P00280,Arabica Coffee Beans 1kg,Groceries,SunHarvest,3.09,968,3.6,2024-08-21
P00281,Honey 500g Max,Groceries,DailyChoice,34.67,878,5.0,2025-01-17
P00282,Arabica Coffee Beans 1kg,Groceries,SunHarvest,36.58,994,4.6,2024-11-05
P00283,Dark Chocolate 85% 100g L - Red,Groceries,FreshField,20.34,1732,4.4,2025-07-08
P00284,Organic Oat Milk 1L Max,Groceries,FreshField,5.33,1974,5.0,2024-05-01
P00285,Green Tea 50 bags,Groceries,Pure&Simple,3.68,1313,4.9,2024-06-06
P00286,Green Tea 50 bags,Groceries,SunHarvest,32.88,211,4.0,2025-02-21
P00287,Sea Salt 500g,Groceries,Everfarm,16.29,1547,5.0,2025-09-17
P00288,Organic Oat Milk 1L 2.0,Groceries,Pure&Simple,6.86,1711,3.5,2024-10-19
P00289,Green Tea 50 bags,Groceries,SunHarvest,38.07,1086,3.0,2024-11-30
P00290,Honey 500g Max S,Groceries,DailyChoice,36.37,434,3.9,2025-01-08
P00291,Honey 500g - Black,Groceries,SunHarvest,28.21,1568,4.4,2025-07-27
P00292,Basmati Rice 1kg,Groceries,GreenVale,2.33,1397,4.0,2024-08-01
P00293,Granola 750g 2.0 - Blue,Groceries,DailyChoice,37.53,1238,3.4,2025-02-08
P00294,Dark Chocolate 85% 100g M - Black,Groceries,GreenVale,28.28,1921,3.3,2024-09-17
P00295,Sea Salt 500g Max XL - Silver,Groceries,DailyChoice,37.43,689,3.6,2025-08-01
P00296,Green Tea 50 bags - Black,Groceries,FreshField,17.03,583,3.9,2025-03-05
P00297,Arabica Coffee Beans 1kg Plus - Blue,Groceries,DailyChoice,17.32,1462,3.2,2025-05-27
P00298,Organic Oat Milk 1L Plus M,Groceries,DailyChoice,15.99,1424,3.7,2025-06-27
P00299,Arabica Coffee Beans 1kg Max XL - Silver,Groceries,DailyChoice,22.38,1517,4.6,2024-07-13
P00300,Dark Chocolate 85% 100g Max S - Silver,Groceries,SunHarvest,10.67,1385,4.5,2025-10-10
P00301,Wireless Mouse XL,Office,DeskPro,375.27,13,4.9,2024-07-13
P00302,Whiteboard Markers (8-pack) Plus XL,Office,DeskPro,325.48,613,4.0,2025-05-25
P00303,Whiteboard Markers (8-pack) Plus,Office,DeskPro,63.58,52,5.0,2025-05-08
P00304,Wireless Mouse S,Office,InkFlow,291.38,757,3.4,2024-10-03
P00305,Office Scissors,Office,WriteRight,13.71,220,4.2,2024-06-14
P00306,A4 Copy Paper 500 sheets - Silver,Office,ErgoCraft,417.10,725,4.5,2024-10-29
P00307,Ergonomic Chair Lite M,Office,PaperMint,255.20,155,4.2,2024-12-31
P00308,Gel Pens (10-pack),Office,PaperMint,345.16,510,3.3,2025-10-15
P00309,Binder 5cm,Office,InkFlow,107.18,352,4.2,2024-09-11
P00310,Laptop Stand XL,Office,DeskPro,374.78,372,3.3,2025-01-10
P00311,Laptop Stand,Office,WriteRight,113.70,743,5.0,2025-07-24
P00312,Gel Pens (10-pack),Office,PaperMint,106.07,532,4.3,2025-03-31
P00313,Ergonomic Chair XL,Office,PaperMint,157.04,583,4.6,2025-02-19
P00314,Ergonomic Chair - Red,Office,WriteRight,383.04,896,4.2,2025-08-28
P00315,Fountain Pen,Office,WriteRight,470.73,386,4.1,2025-05-01
P00316,Fountain Pen,Office,InkFlow,283.19,366,3.3,2025-04-11
P00317,Laptop Stand,Office,InkFlow,402.72,796,4.7,2024-09-25
P00318,Binder 5cm Pro,Office,WriteRight,179.74,574,5.0,2025-05-08
P00319,Sticky Notes (12 pads) Lite,Office,DeskPro,11.96,359,3.8,2025-08-23
P00320,Desk Lamp LED - White,Office,ErgoCraft,254.81,716,5.0,2024-08-28
P00321,Fountain Pen 2.0 - Blue,Office,StapleStar,299.24,552,4.1,2025-01-30
P00322,Wireless Mouse,Office,InkFlow,377.43,285,4.5,2024-05-05
P00323,Laptop Stand - Blue,Office,DeskPro,474.00,189,4.4,2025-02-20
P00324,Whiteboard Markers (8-pack) L,Office,InkFlow,442.41,856,4.9,2025-06-03
P00325,Laptop Stand,Office,WriteRight,289.77,852,3.9,2024-12-25
P00326,Ergonomic Chair Plus,Office,StapleStar,15.40,234,3.5,2024-09-27
P00327,Fountain Pen,Office,PaperMint,444.00,375,3.1,2025-03-21
P00328,Laptop Stand Pro - Blue,Office,StapleStar,146.01,851,4.9,2025-04-27
P00329,Whiteboard Markers (8-pack),Office,PaperMint,55.79,341,4.4,2024-10-11
P00330,Notebook A5 Dotted,Office,InkFlow,449.83,604,3.9,2024-05-13
P00331,Gel Pens (10-pack) Max,Office,WriteRight,264.97,116,3.1,2025-09-20
P00332,A4 Copy Paper 500 sheets,Office,WriteRight,387.81,461,3.6,2025-03-03
P00333,Notebook A5 Dotted 2.0 - White,Office,PaperMint,482.02,445,4.2,2025-08-30
P00334,Laptop Stand Max L,Office,InkFlow,223.74,514,2.4,2025-02-23
P00335,Wireless Mouse M,Office,StapleStar,87.62,41,3.8,2025-08-05
P00336,Notebook A5 Dotted,Office,InkFlow,293.54,20,4.6,2025-05-07
P00337,Whiteboard Markers (8-pack) Lite,Office,WriteRight,180.91,403,3.4,2024-12-31
P00338,A4 Copy Paper 500 sheets,Office,DeskPro,33.80,488,5.0,2025-03-07
P00339,Binder 5cm L,Office,DeskPro,322.87,41,3.2,2025-02-25
P00340,Whiteboard Markers (8-pack) Max,Office,WriteRight,140.72,406,4.1,2024-06-10
P00341,Ergonomic Chair S,Office,ErgoCraft,436.59,658,3.5,2025-05-06
P00342,Ergonomic Chair,Office,WriteRight,11.92,598,3.9,2024-04-29
P00343,Ergonomic Chair,Office,InkFlow,140.77,805,5.0,2025-01-25
P00344,Laptop Stand,Office,PaperMint,407.77,783,4.3,2024-12-03
P00345,Binder 5cm Pro,Office,WriteRight,483.72,293,3.7,2025-04-20
P00346,Desk Lamp LED Pro - Blue,Office,ErgoCraft,361.23,41,3.7,2024-05-30
P00347,Laptop Stand,Office,WriteRight,301.63,890,5.0,2024-10-28
P00348,Laptop Stand,Office,PaperMint,487.10,160,3.8,2025-08-17
P00349,A4 Copy Paper 500 sheets,Office,WriteRight,159.02,512,3.4,2024-08-29
P00350,Office Scissors Pro,Office,StapleStar,80.20,625,4.4,2025-08-27
P00351,Notebook A5 Dotted - Green,Office,WriteRight,215.47,482,3.4,2024-09-28
P00352,A4 Copy Paper 500 sheets - Blue,Office,ErgoCraft,407.61,155,2.7,2025-03-23
P00353,Sticky Notes (12 pads) 2.0,Office,StapleStar,432.63,314,4.0,2024-08-28
P00354,Notebook A5 Dotted Lite - Black,Office,DeskPro,303.51,348,3.5,2024-07-13
P00355,Office Scissors - Black,Office,PaperMint,280.93,820,3.6,2024-08-06
P00356,Sticky Notes (12 pads),Office,WriteRight,111.77,710,4.3,2025-07-31
P00357,Fountain Pen S - Red,Office,PaperMint,128.95,772,3.5,2025-04-04
P00358,Fountain Pen - Red,Office,StapleStar,320.53,442,3.0,2025-08-18
P00359,Desk Lamp LED,Office,DeskPro,353.47,644,3.9,2025-05-16
P00360,Sticky Notes (12 pads) 2.0,Office,StapleStar,478.13,843,4.1,2025-07-09
P00361,Sticky Notes (12 pads) - White,Office,PaperMint,363.32,127,4.4,2025-05-06
P00362,Ergonomic Chair,Office,DeskPro,281.69,112,3.5,2025-10-17
P00363,Notebook A5 Dotted Plus,Office,WriteRight,214.26,864,5.0,2024-10-30
P00364,Whiteboard Markers (8-pack) Max - Blue,Office,DeskPro,33.05,689,4.6,2025-02-24
P00365,Laptop Stand - Blue,Office,PaperMint,149.04,588,5.0,2024-11-03
P00366,Whiteboard Markers (8-pack),Office,StapleStar,30.94,173,3.6,2025-03-19
P00367,Laptop Stand Max,Office,DeskPro,278.59,167,3.7,2024-12-18
P00368,Whiteboard Markers (8-pack),Office,DeskPro,440.39,827,3.6,2025-01-22
P00369,Desk Lamp LED Pro,Office,ErgoCraft,479.67,730,4.8,2024-09-06
P00370,A4 Copy Paper 500 sheets,Office,DeskPro,461.91,125,3.7,2025-03-14
P00371,Fountain Pen Lite,Office,ErgoCraft,212.90,504,2.7,2025-10-15
P00372,Binder 5cm,Office,PaperMint,210.97,868,3.6,2024-09-14
P00373,Gel Pens (10-pack) Lite,Office,WriteRight,10.02,259,3.3,2025-10-05
P00374,Desk Lamp LED L - Red,Office,DeskPro,258.07,16,4.1,2024-06-14
P00375,Notebook A5 Dotted 2.0,Office,StapleStar,369.43,32,4.4,2025-01-10
P00376,Fountain Pen,Office,ErgoCraft,235.63,14,4.6,2024-06-12
P00377,Sticky Notes (12 pads) Pro,Office,StapleStar,172.52,417,3.6,2025-04-26
P00378,Wireless Mouse,Office,PaperMint,240.21,873,4.5,2025-08-08
P00379,Ergonomic Chair - Graphite,Office,StapleStar,290.36,368,4.2,2025-02-19
P00380,Gel Pens (10-pack) 2.0,Office,WriteRight,162.49,421,3.4,2024-12-12
P00381,Binder 5cm,Office,InkFlow,23.21,536,2.9,2024-10-02
P00382,Laptop Stand Lite,Office,DeskPro,7.53,637,4.6,2024-06-14
P00383,Laptop Stand Plus XL,Office,InkFlow,425.24,84,3.9,2024-07-14
P00384,Binder 5cm - Graphite,Office,ErgoCraft,424.25,273,3.4,2025-02-23
P00385,Ergonomic Chair,Office,ErgoCraft,159.54,323,4.8,2024-05-02
P00386,Gel Pens (10-pack) Max - Blue,Office,PaperMint,338.80,20,2.7,2024-11-01
P00387,Wireless Mouse - Green,Office,InkFlow,376.69,240,3.4,2025-05-08
P00388,Sticky Notes (12 pads),Office,WriteRight,369.50,288,4.9,2025-09-21
P00389,Office Scissors,Office,StapleStar,186.82,340,4.6,2024-12-21
P00390,Wireless Mouse Plus XL,Office,StapleStar,189.27,304,3.5,2025-05-24
P00391,Laptop Stand - White,Office,PaperMint,476.86,571,3.8,2025-02-16
P00392,Wireless Mouse Plus,Office,DeskPro,364.48,596,3.6,2024-12-16
P00393,Whiteboard Markers (8-pack),Office,InkFlow,415.87,2,3.4,2025-05-16
P00394,Gel Pens (10-pack) XL,Office,ErgoCraft,271.79,258,3.4,2025-09-08
P00395,Notebook A5 Dotted,Office,WriteRight,174.57,821,4.1,2025-01-09
P00396,Gel Pens (10-pack) - Silver,Office,StapleStar,262.67,83,3.8,2025-04-24
P00397,Ergonomic Chair S,Office,InkFlow,301.66,182,4.6,2025-08-17
P00398,Notebook A5 Dotted 2.0,Office,InkFlow,202.18,404,4.5,2024-09-03
P00399,A4 Copy Paper 500 sheets M - Black,Office,DeskPro,290.11,686,4.1,2024-07-20
P00400,Ergonomic Chair,Office,StapleStar,437.29,808,3.4,2025-02-02
P00401,Toaster 2-slice,Home & Kitchen,CozyNest,439.29,485,4.1,2024-07-22
P00402,Cutlery Set (24 pcs) Pro,Home & Kitchen,CasaNova,688.76,236,2.8,2024-05-22
P00403,Water Filter Jug 2.5L - Blue,Home & Kitchen,CozyNest,454.51,521,3.1,2024-10-18
P00404,Ceramic Mug 350ml,Home & Kitchen,Hearthstone,566.11,100,3.0,2025-02-16
P00405,Air Fryer 4L Pro XL,Home & Kitchen,KitchenCrafter,580.22,359,3.9,2024-09-16
P00406,Pressure Cooker 6L,Home & Kitchen,KitchenCrafter,82.37,372,3.9,2024-06-09
P00407,Pressure Cooker 6L,Home & Kitchen,BrightGlow,356.45,580,4.7,2025-03-29
P00408,Vacuum Cleaner Lite S,Home & Kitchen,Hearthstone,185.73,368,3.6,2025-03-09
P00409,Glass Storage Set (10 pcs) Lite L - Blue,Home & Kitchen,Hearthstone,498.48,500,4.1,2024-09-24
P00410,Vacuum Cleaner,Home & Kitchen,KitchenCrafter,640.77,117,4.4,2024-05-23
P00411,Air Fryer 4L - Red,Home & Kitchen,CozyNest,598.29,287,3.9,2025-08-05
P00412,Glass Storage Set (10 pcs),Home & Kitchen,KitchenCrafter,187.39,242,4.5,2024-10-08
P00413,Electric Kettle 1.7L Lite,Home & Kitchen,KitchenCrafter,276.75,496,4.2,2024-12-12
P00414,Pressure Cooker 6L,Home & Kitchen,CozyNest,594.08,149,4.2,2024-06-03
P00415,Blender 1.5L Lite,Home & Kitchen,CozyNest,258.79,45,4.5,2025-04-29
P00416,Cutlery Set (24 pcs) - Graphite,Home & Kitchen,Hearthstone,130.55,7,3.3,2025-10-18
P00417,Toaster 2-slice,Home & Kitchen,AquaPure,27.04,109,3.5,2025-01-08
P00418,Ceramic Mug 350ml,Home & Kitchen,BrightGlow,441.46,200,5.0,2024-08-16
P00419,Air Fryer 4L Pro XL - Graphite,Home & Kitchen,AquaPure,313.05,343,5.0,2024-10-08
P00420,Stainless Steel Pan 28cm,Home & Kitchen,BrightGlow,131.87,60,3.6,2024-06-08
P00421,Cutlery Set (24 pcs) M - Blue,Home & Kitchen,AquaPure,328.59,367,5.0,2025-05-01
P00422,Vacuum Cleaner Lite,Home & Kitchen,CasaNova,187.63,295,3.2,2024-06-15
P00423,Cutlery Set (24 pcs),Home & Kitchen,Hearthstone,402.08,494,3.8,2024-12-05
P00424,Pressure Cooker 6L,Home & Kitchen,KitchenCrafter,540.23,108,3.4,2025-09-26
P00425,Cutlery Set (24 pcs),Home & Kitchen,Hearthstone,462.70,372,3.9,2024-07-19
P00426,Water Filter Jug 2.5L Plus,Home & Kitchen,Hearthstone,173.86,223,3.6,2025-05-05
P00427,Air Fryer 4L,Home & Kitchen,CasaNova,572.27,22,3.9,2025-05-01
P00428,Pressure Cooker 6L,Home & Kitchen,Hearthstone,180.18,582,3.8,2024-07-28
P00429,Air Fryer 4L,Home & Kitchen,CasaNova,580.17,120,4.1,2025-05-31
P00430,Electric Kettle 1.7L - Silver,Home & Kitchen,CozyNest,520.63,478,4.3,2025-09-08
P00431,Glass Storage Set (10 pcs),Home & Kitchen,KitchenCrafter,275.47,467,3.9,2025-05-26
P00432,Vacuum Cleaner Plus,Home & Kitchen,AquaPure,199.48,535,4.4,2024-12-30
P00433,Stainless Steel Pan 28cm,Home & Kitchen,AquaPure,166.74,291,2.9,2025-09-24
P00434,Stainless Steel Pan 28cm Pro,Home & Kitchen,BrightGlow,422.13,95,5.0,2024-09-03
P00435,Ceramic Mug 350ml,Home & Kitchen,CozyNest,279.60,251,5.0,2024-12-07
P00436,Glass Storage Set (10 pcs),Home & Kitchen,CozyNest,174.71,544,4.7,2025-01-29
P00437,Glass Storage Set (10 pcs) Plus,Home & Kitchen,Hearthstone,654.48,477,4.0,2025-03-15
P00438,Blender 1.5L - White,Home & Kitchen,CozyNest,535.01,440,3.8,2024-09-30
P00439,Chef Knife 20cm 2.0 - Blue,Home & Kitchen,KitchenCrafter,50.75,176,2.8,2025-05-27
P00440,Pressure Cooker 6L - Green,Home & Kitchen,CasaNova,445.15,360,4.2,2025-04-05
P00441,Blender 1.5L L,Home & Kitchen,KitchenCrafter,572.07,291,3.8,2024-12-29
P00442,Toaster 2-slice,Home & Kitchen,KitchenCrafter,205.93,41,4.5,2024-08-04
P00443,Glass Storage Set (10 pcs),Home & Kitchen,Hearthstone,308.16,510,3.5,2024-10-26
P00444,Blender 1.5L Plus,Home & Kitchen,KitchenCrafter,356.08,335,3.5,2024-11-30
P00445,Blender 1.5L Lite,Home & Kitchen,AquaPure,145.83,336,2.6,2024-08-19
P00446,Toaster 2-slice Lite,Home & Kitchen,BrightGlow,612.13,32,3.7,2025-04-10
P00447,Stainless Steel Pan 28cm L,Home & Kitchen,BrightGlow,297.10,88,3.6,2024-05-13
P00448,Ceramic Mug 350ml,Home & Kitchen,BrightGlow,59.74,586,3.5,2025-07-11
P00449,Blender 1.5L,Home & Kitchen,CozyNest,51.54,100,4.1,2025-05-27
P00450,Toaster 2-slice Max L,Home & Kitchen,CozyNest,148.36,3,3.9,2025-01-19
P00451,Blender 1.5L Max,Home & Kitchen,AquaPure,691.34,199,4.2,2025-03-30
P00452,Cutlery Set (24 pcs) 2.0,Home & Kitchen,Hearthstone,143.94,402,3.4,2024-11-01
P00453,Vacuum Cleaner S - Silver,Home & Kitchen,KitchenCrafter,620.50,552,3.8,2025-05-22
P00454,Blender 1.5L,Home & Kitchen,BrightGlow,453.88,452,4.2,2024-06-07
P00455,Cutlery Set (24 pcs),Home & Kitchen,BrightGlow,365.80,309,4.5,2024-11-17
P00456,Toaster 2-slice M,Home & Kitchen,Hearthstone,170.10,173,3.2,2025-06-05
P00457,Pressure Cooker 6L Pro S,Home & Kitchen,CasaNova,318.14,74,3.7,2024-07-18
P00458,Glass Storage Set (10 pcs) XL,Home & Kitchen,KitchenCrafter,100.37,530,3.1,2024-08-20
P00459,Cutlery Set (24 pcs),Home & Kitchen,CozyNest,228.94,289,4.3,2024-12-15
P00460,Cutlery Set (24 pcs) Lite - Silver,Home & Kitchen,KitchenCrafter,386.37,489,5.0,2025-07-13
P00461,Air Fryer 4L,Home & Kitchen,BrightGlow,27.29,314,4.5,2025-08-30
P00462,Vacuum Cleaner,Home & Kitchen,KitchenCrafter,432.95,47,5.0,2025-08-15
P00463,Electric Kettle 1.7L,Home & Kitchen,BrightGlow,120.85,537,4.6,2025-04-28
P00464,Vacuum Cleaner Pro,Home & Kitchen,AquaPure,270.29,433,3.3,2024-12-17
P00465,Toaster 2-slice - White,Home & Kitchen,BrightGlow,241.97,85,4.2,2025-06-28
P00466,Electric Kettle 1.7L L,Home & Kitchen,KitchenCrafter,657.73,385,3.1,2024-12-13
P00467,Glass Storage Set (10 pcs) XL - White,Home & Kitchen,CasaNova,541.02,508,5.0,2025-06-27
P00468,Ceramic Mug 350ml,Home & Kitchen,CozyNest,613.25,347,3.7,2025-09-07
P00469,Toaster 2-slice L,Home & Kitchen,KitchenCrafter,475.19,594,4.6,2025-10-05
P00470,Air Fryer 4L - Black,Home & Kitchen,KitchenCrafter,552.19,505,2.2,2025-02-10
P00471,Toaster 2-slice,Home & Kitchen,Hearthstone,626.54,85,4.5,2024-06-19
P00472,Chef Knife 20cm Plus - White,Home & Kitchen,KitchenCrafter,601.92,276,3.2,2024-06-18
P00473,Chef Knife 20cm,Home & Kitchen,BrightGlow,465.78,153,4.5,2025-03-29
P00474,Chef Knife 20cm Plus,Home & Kitchen,BrightGlow,245.50,589,4.3,2024-09-23
P00475,Stainless Steel Pan 28cm Pro - Black,Home & Kitchen,AquaPure,672.47,201,5.0,2024-10-04
P00476,Air Fryer 4L Pro M,Home & Kitchen,KitchenCrafter,268.52,358,4.8,2024-08-20
P00477,Chef Knife 20cm - Silver,Home & Kitchen,CozyNest,499.61,87,4.0,2025-02-06
P00478,Water Filter Jug 2.5L Plus L,Home & Kitchen,CasaNova,387.18,463,5.0,2025-03-03
P00479,Toaster 2-slice Lite,Home & Kitchen,KitchenCrafter,32.66,211,4.0,2025-03-30
P00480,Stainless Steel Pan 28cm Lite,Home & Kitchen,Hearthstone,279.81,508,4.3,2025-06-13
P00481,Stainless Steel Pan 28cm,Home & Kitchen,AquaPure,637.17,312,4.2,2024-09-27
P00482,Ceramic Mug 350ml,Home & Kitchen,KitchenCrafter,300.95,316,3.7,2025-08-02
P00483,Electric Kettle 1.7L,Home & Kitchen,Hearthstone,582.93,207,3.0,2025-04-08
P00484,Water Filter Jug 2.5L M - Silver,Home & Kitchen,Hearthstone,81.39,354,4.3,2025-06-05
P00485,Glass Storage Set (10 pcs) - White,Home & Kitchen,AquaPure,626.74,340,5.0,2025-07-19
P00486,Air Fryer 4L - Black,Home & Kitchen,Hearthstone,327.12,279,4.1,2025-03-18
P00487,Vacuum Cleaner,Home & Kitchen,AquaPure,549.99,43,3.7,2024-09-16
P00488,Blender 1.5L - Green,Home & Kitchen,CasaNova,356.52,256,4.4,2025-10-19
P00489,Cutlery Set (24 pcs),Home & Kitchen,Hearthstone,320.36,578,4.1,2025-08-30
P00490,Electric Kettle 1.7L S,Home & Kitchen,BrightGlow,432.77,41,5.0,2025-02-03
P00491,Toaster 2-slice Plus,Home & Kitchen,Hearthstone,308.19,39,3.8,2024-12-18
P00492,Air Fryer 4L Lite - White,Home & Kitchen,BrightGlow,388.20,174,2.2,2025-09-05
P00493,Ceramic Mug 350ml Pro - Red,Home & Kitchen,AquaPure,398.87,359,3.9,2024-07-22
P00494,Cutlery Set (24 pcs) Lite - White,Home & Kitchen,KitchenCrafter,15.22,230,3.0,2024-05-30
P00495,Toaster 2-slice Plus,Home & Kitchen,Hearthstone,182.22,213,4.3,2024-06-05
P00496,Electric Kettle 1.7L - Graphite,Home & Kitchen,KitchenCrafter,242.41,114,3.8,2024-10-07
P00497,Vacuum Cleaner,Home & Kitchen,AquaPure,463.21,504,4.2,2025-08-26
P00498,Cutlery Set (24 pcs),Home & Kitchen,KitchenCrafter,415.46,534,3.5,2025-05-13
P00499,Water Filter Jug 2.5L M,Home & Kitchen,BrightGlow,347.72,58,3.7,2025-06-03
P00500,Air Fryer 4L - Red,Home & Kitchen,CasaNova,169.56,200,4.6,2025-02-24
P00501,Art Set 150 pcs,Toys,RoboPal,112.23,268,5.0,2025-10-17
P00502,STEM Robot Kit M,Toys,KiddyLab,95.34,63,4.2,2025-08-16
P00503,Remote Control Car Plus L,Toys,RoboPal,12.18,648,3.9,2025-05-06
P00504,Science Kit - Volcano XL,Toys,SunnyPlay,7.48,40,3.2,2025-09-27
P00505,Wooden Train Set,Toys,RoboPal,139.17,68,2.5,2025-01-01
P00506,Plush Bear 30cm - Silver,Toys,KiddyLab,20.13,349,3.5,2024-10-31
P00507,Wooden Train Set,Toys,SunnyPlay,60.80,314,4.3,2025-03-05
P00508,STEM Robot Kit L - Green,Toys,SunnyPlay,197.49,285,4.4,2025-02-24
P00509,Remote Control Car XL - Green,Toys,SunnyPlay,30.92,137,3.8,2025-09-24
P00510,Puzzle 1000 pieces Max M,Toys,PlayVerse,146.49,319,3.9,2025-01-20
P00511,Kite,Toys,RoboPal,93.28,673,4.2,2025-01-13
P00512,STEM Robot Kit Lite XL,Toys,KiddyLab,148.57,170,3.0,2025-01-20
P00513,Board Game Classic Pro - Blue,Toys,SunnyPlay,54.10,691,5.0,2024-05-16
P00514,RC Drone Mini Max,Toys,RoboPal,122.92,69,3.9,2024-10-04
P00515,Wooden Train Set 2.0 XL,Toys,HappyBlocks,126.63,226,5.0,2025-07-10
P00516,Wooden Train Set Plus XL,Toys,RoboPal,78.37,741,4.2,2024-05-20
P00517,Marble Run 2.0,Toys,RoboPal,6.85,113,3.3,2025-04-26
P00518,Kite,Toys,WonderWorks,66.24,569,3.1,2025-05-30
P00519,RC Drone Mini S,Toys,SunnyPlay,43.60,460,3.2,2025-03-24
P00520,Puzzle 1000 pieces M,Toys,HappyBlocks,90.82,815,4.4,2025-06-18
P00521,Marble Run,Toys,WonderWorks,72.79,367,4.5,2024-11-21
P00522,Plush Bear 30cm,Toys,RoboPal,117.81,34,5.0,2025-09-24
P00523,Plush Bear 30cm - Black,Toys,KiddyLab,72.53,638,4.4,2024-11-02
P00524,Plush Bear 30cm,Toys,KiddyLab,34.71,799,4.4,2025-07-27
P00525,Building Blocks Set Pro - Black,Toys,PlayVerse,26.22,423,3.7,2024-12-09
P00526,Wooden Train Set L - Black,Toys,SunnyPlay,5.91,508,3.6,2024-08-24
P00527,Puzzle 1000 pieces XL,Toys,RoboPal,81.21,736,3.4,2024-12-25
P00528,Plush Bear 30cm,Toys,SunnyPlay,24.16,76,4.6,2024-08-04
P00529,Puzzle 1000 pieces 2.0 - Blue,Toys,HappyBlocks,76.61,694,4.9,2025-04-16
P00530,Building Blocks Set Max - Blue,Toys,WonderWorks,27.86,318,3.7,2024-09-23
P00531,Remote Control Car,Toys,WonderWorks,98.26,752,4.8,2024-06-14
P00532,Marble Run Plus,Toys,HappyBlocks,121.42,451,3.7,2025-10-01
P00533,Building Blocks Set,Toys,HappyBlocks,194.48,343,3.9,2024-06-22
P00534,Puzzle 1000 pieces Lite,Toys,PlayVerse,107.09,874,4.8,2025-04-02
P00535,Remote Control Car Plus XL,Toys,PlayVerse,26.95,179,3.5,2025-02-23
P00536,Wooden Train Set Plus,Toys,PlayVerse,158.75,366,4.4,2024-05-07
P00537,STEM Robot Kit,Toys,KiddyLab,28.11,318,4.8,2025-09-15
P00538,Board Game Classic,Toys,HappyBlocks,122.75,62,3.9,2024-06-01
P00539,RC Drone Mini,Toys,HappyBlocks,171.98,634,5.0,2025-03-11
P00540,Puzzle 1000 pieces XL,Toys,HappyBlocks,128.12,488,4.4,2024-09-04
P00541,RC Drone Mini - Green,Toys,KiddyLab,144.57,67,4.8,2024-09-15
P00542,Remote Control Car 2.0 M,Toys,PlayVerse,130.79,696,4.5,2025-07-12
P00543,RC Drone Mini M - Blue,Toys,HappyBlocks,130.50,703,4.2,2024-05-30
P00544,Building Blocks Set L,Toys,RoboPal,21.34,337,4.6,2025-03-06
P00545,Art Set 150 pcs 2.0 - Graphite,Toys,WonderWorks,190.98,871,3.6,2025-10-16
P00546,STEM Robot Kit,Toys,WonderWorks,133.64,192,4.4,2025-06-16
P00547,Remote Control Car,Toys,PlayVerse,59.19,205,4.2,2025-06-04
P00548,RC Drone Mini Max,Toys,WonderWorks,64.32,232,4.9,2025-02-17
P00549,RC Drone Mini Plus,Toys,SunnyPlay,40.65,443,4.2,2025-07-18
P00550,RC Drone Mini,Toys,PlayVerse,41.19,66,3.5,2024-12-30
P00551,Remote Control Car 2.0 - Black,Toys,KiddyLab,138.25,382,4.7,2025-06-27
P00552,Wooden Train Set 2.0 - Silver,Toys,WonderWorks,154.51,182,4.5,2025-02-02
P00553,STEM Robot Kit XL - Green,Toys,WonderWorks,191.16,866,4.1,2025-06-05
P00554,Wooden Train Set S - Blue,Toys,KiddyLab,29.25,831,4.6,2025-08-18
P00555,RC Drone Mini - Graphite,Toys,RoboPal,111.84,340,4.0,2024-09-12
P00556,Marble Run - Black,Toys,RoboPal,53.34,186,4.2,2025-02-12
P00557,Puzzle 1000 pieces Max S,Toys,WonderWorks,171.71,409,3.8,2024-10-27
P00558,Marble Run - Silver,Toys,WonderWorks,107.87,492,4.2,2025-03-20
P00559,Building Blocks Set,Toys,PlayVerse,188.45,26,4.0,2024-05-24
P00560,Building Blocks Set Lite,Toys,KiddyLab,44.12,458,4.3,2024-08-02
P00561,STEM Robot Kit,Toys,SunnyPlay,144.77,782,4.2,2024-06-02
P00562,Building Blocks Set - White,Toys,HappyBlocks,183.87,378,4.4,2024-08-05
P00563,RC Drone Mini,Toys,SunnyPlay,55.65,761,4.4,2025-04-16
P00564,Marble Run Plus - Blue,Toys,WonderWorks,129.41,219,5.0,2024-08-23
P00565,Remote Control Car S,Toys,PlayVerse,167.50,796,4.6,2024-08-24
P00566,Science Kit - Volcano,Toys,SunnyPlay,57.09,379,3.8,2025-05-13
P00567,Building Blocks Set Max,Toys,SunnyPlay,46.45,257,4.7,2025-03-06
P00568,Board Game Classic 2.0 - Red,Toys,KiddyLab,147.94,856,5.0,2024-12-06
P00569,Remote Control Car L - Blue,Toys,WonderWorks,149.72,511,2.7,2025-04-14
P00570,Puzzle 1000 pieces Pro - Blue,Toys,SunnyPlay,7.70,226,3.8,2024-10-18
P00571,Marble Run Pro L,Toys,PlayVerse,120.21,475,3.4,2025-03-27
P00572,Puzzle 1000 pieces Pro L - White,Toys,RoboPal,36.35,131,3.0,2025-05-09
P00573,Science Kit - Volcano - Green,Toys,PlayVerse,199.29,413,3.2,2025-03-16
P00574,Building Blocks Set,Toys,WonderWorks,193.17,291,3.7,2025-02-15
P00575,Plush Bear 30cm Plus,Toys,SunnyPlay,113.46,556,3.2,2025-07-04
P00576,STEM Robot Kit,Toys,RoboPal,189.36,646,3.8,2024-06-23
P00577,Remote Control Car 2.0,Toys,WonderWorks,56.62,560,4.1,2024-11-01
P00578,Remote Control Car Pro,Toys,WonderWorks,30.73,48,4.3,2025-07-29
P00579,Building Blocks Set,Toys,RoboPal,158.78,252,4.4,2025-05-17
P00580,Science Kit - Volcano S,Toys,HappyBlocks,181.20,834,3.4,2025-01-24
P00581,Remote Control Car Lite,Toys,HappyBlocks,89.08,162,4.5,2025-05-24
P00582,Building Blocks Set XL,Toys,SunnyPlay,107.64,704,3.7,2025-01-20
P00583,RC Drone Mini Lite - Silver,Toys,SunnyPlay,156.23,351,4.6,2024-05-07
P00584,Marble Run,Toys,HappyBlocks,157.81,651,4.1,2024-08-27
P00585,Art Set 150 pcs Max M,Toys,SunnyPlay,133.27,25,3.9,2024-05-23
P00586,Plush Bear 30cm Pro,Toys,WonderWorks,77.10,708,3.1,2024-10-03
P00587,Remote Control Car Pro,Toys,HappyBlocks,193.25,409,5.0,2024-11-25
P00588,Puzzle 1000 pieces Max,Toys,SunnyPlay,119.26,204,3.8,2024-08-15
P00589,Wooden Train Set Max L - Graphite,Toys,RoboPal,127.01,479,4.0,2024-07-24
P00590,Board Game Classic Plus - Blue,Toys,HappyBlocks,180.36,861,3.7,2025-07-26
P00591,Plush Bear 30cm,Toys,RoboPal,86.82,164,4.0,2024-09-20
P00592,RC Drone Mini,Toys,PlayVerse,103.86,331,2.3,2024-10-15
P00593,Science Kit - Volcano,Toys,WonderWorks,126.00,530,2.9,2025-02-07
P00594,Wooden Train Set M,Toys,SunnyPlay,37.60,843,3.5,2025-01-15
P00595,Puzzle 1000 pieces - Graphite,Toys,HappyBlocks,131.27,337,3.8,2025-03-30
P00596,Remote Control Car Max L,Toys,PlayVerse,89.00,416,4.0,2025-08-29
P00597,Building Blocks Set Lite,Toys,KiddyLab,140.49,682,4.0,2025-08-08
P00598,STEM Robot Kit,Toys,SunnyPlay,136.91,636,4.2,2024-12-20
P00599,Art Set 150 pcs Max,Toys,PlayVerse,96.77,656,3.7,2025-05-10
P00600,Building Blocks Set,Toys,RoboPal,127.01,663,4.9,2025-09-18
P00601,Bike Helmet Pro S,Sports,TrailRunner,165.61,92,3.3,2025-02-19
P00602,Compression Shirt,Sports,TrailRunner,262.37,505,3.5,2025-04-16
P00603,Basketball,Sports,AeroFlex,250.93,828,4.0,2025-02-28
P00604,Tennis Racket - Black,Sports,WaveRider,58.12,572,4.4,2024-08-29
P00605,Compression Shirt M - Graphite,Sports,PeakMotion,313.58,359,5.0,2025-02-09
P00606,Bike Helmet L,Sports,WaveRider,32.14,49,3.4,2025-07-12
P00607,Basketball,Sports,CoreAthlete,265.51,695,4.5,2024-11-12
P00608,Fitness Tracker Pro,Sports,FitFoundry,142.49,823,4.2,2024-12-02
P00609,Cycling Gloves Pro,Sports,PeakMotion,113.62,276,5.0,2025-03-10
P00610,Basketball Max M,Sports,AeroFlex,40.44,385,5.0,2024-08-13
P00611,Fitness Tracker XL,Sports,FitFoundry,228.43,453,3.7,2024-08-22
P00612,Fitness Tracker,Sports,TrailRunner,172.12,466,5.0,2025-10-03
P00613,Compression Shirt,Sports,TrailRunner,43.62,727,2.5,2025-08-07
P00614,Compression Shirt Max,Sports,WaveRider,94.52,657,3.6,2025-06-28
P00615,Bike Helmet,Sports,AeroFlex,75.40,526,5.0,2024-07-22
P00616,Compression Shirt - Silver,Sports,CoreAthlete,128.94,794,4.1,2024-12-16
P00617,Water Bottle 1L Pro M,Sports,WaveRider,323.96,873,2.8,2024-11-25
P00618,Water Bottle 1L - White,Sports,PeakMotion,207.03,94,4.9,2024-11-25
P00619,Running Shoes,Sports,AeroFlex,157.35,874,4.0,2025-03-19
P00620,Compression Shirt,Sports,CoreAthlete,157.59,494,4.0,2025-02-14
P00621,Bike Helmet,Sports,CoreAthlete,217.62,65,4.4,2025-01-20
P00622,Basketball Lite L,Sports,WaveRider,317.17,50,5.0,2024-11-10
P00623,Bike Helmet Plus L,Sports,WaveRider,57.39,355,4.0,2025-03-23
P00624,Compression Shirt M,Sports,CoreAthlete,58.18,891,3.8,2025-01-05
P00625,Compression Shirt,Sports,WaveRider,220.29,546,1.9,2025-09-21
P00626,Running Shoes - Green,Sports,PeakMotion,196.77,860,5.0,2025-08-11
P00627,Running Shoes,Sports,WaveRider,322.16,856,4.3,2024-08-14
P00628,Water Bottle 1L Pro,Sports,CoreAthlete,291.05,713,5.0,2025-07-12
P00629,Bike Helmet,Sports,TrailRunner,24.81,457,4.4,2025-03-24
P00630,Football Size 5 Lite L,Sports,PeakMotion,310.37,587,4.7,2024-07-07
P00631,Jump Rope XL,Sports,FitFoundry,158.82,422,3.8,2025-05-20
P00632,Cycling Gloves,Sports,FitFoundry,199.80,113,3.6,2025-03-20
P00633,Fitness Tracker 2.0 XL,Sports,AeroFlex,96.40,209,4.9,2025-09-14
P00634,Jump Rope S,Sports,TrailRunner,67.87,797,5.0,2025-04-01
P00635,Jump Rope,Sports,TrailRunner,66.84,292,3.7,2024-09-21
P00636,Tennis Racket Pro,Sports,AeroFlex,42.03,154,5.0,2024-06-30
P00637,Cycling Gloves - Red,Sports,WaveRider,249.39,818,3.6,2024-12-29
P00638,Fitness Tracker Max,Sports,TrailRunner,285.70,115,4.1,2024-12-16
P00639,Yoga Mat 6mm Lite - Blue,Sports,CoreAthlete,56.32,503,4.7,2025-02-21
P00640,Dumbbells Pair 2x5kg,Sports,FitFoundry,44.64,580,4.9,2025-04-28
P00641,Basketball S,Sports,AeroFlex,76.66,30,4.2,2024-07-16
P00642,Dumbbells Pair 2x5kg 2.0,Sports,FitFoundry,186.95,384,4.2,2024-12-01
P00643,Fitness Tracker,Sports,FitFoundry,249.69,829,5.0,2025-09-20
P00644,Tennis Racket Plus,Sports,TrailRunner,65.43,779,4.4,2025-09-19
P00645,Water Bottle 1L Pro,Sports,PeakMotion,273.54,567,2.7,2024-09-24
P00646,Compression Shirt 2.0 - Black,Sports,AeroFlex,118.02,881,4.9,2025-05-22
P00647,Cycling Gloves S,Sports,FitFoundry,110.51,626,4.4,2024-09-05
P00648,Tennis Racket S,Sports,PeakMotion,309.01,445,4.1,2025-06-24
P00649,Running Shoes,Sports,TrailRunner,123.14,799,3.3,2025-10-15
P00650,Water Bottle 1L,Sports,CoreAthlete,286.07,392,4.1,2024-12-08
P00651,Tennis Racket Lite - Graphite,Sports,TrailRunner,157.59,242,5.0,2025-09-26
P00652,Cycling Gloves L - Blue,Sports,PeakMotion,104.26,588,3.4,2025-03-28
P00653,Running Shoes Pro - Green,Sports,CoreAthlete,287.26,710,2.6,2025-07-18
P00654,Football Size 5 Plus M,Sports,TrailRunner,132.22,451,4.2,2024-06-15
P00655,Cycling Gloves S,Sports,WaveRider,224.58,115,3.7,2024-05-10
P00656,Compression Shirt 2.0 M - Graphite,Sports,PeakMotion,59.44,248,4.6,2025-02-06
P00657,Yoga Mat 6mm Lite - Blue,Sports,AeroFlex,165.61,342,3.5,2025-10-12
P00658,Cycling Gloves,Sports,FitFoundry,109.42,328,3.6,2025-02-15
P00659,Basketball,Sports,FitFoundry,253.86,79,3.2,2024-07-17
P00660,Basketball Pro,Sports,WaveRider,229.68,865,5.0,2025-04-23
P00661,Yoga Mat 6mm Max,Sports,AeroFlex,111.71,575,5.0,2024-11-24
P00662,Running Shoes 2.0 S,Sports,AeroFlex,37.64,119,3.7,2025-08-13
P00663,Water Bottle 1L,Sports,WaveRider,207.53,578,4.8,2024-12-12
P00664,Jump Rope,Sports,CoreAthlete,204.48,149,5.0,2025-04-14
P00665,Compression Shirt Plus,Sports,PeakMotion,218.33,557,3.2,2025-09-29
P00666,Dumbbells Pair 2x5kg,Sports,WaveRider,294.43,618,3.6,2024-10-27
P00667,Running Shoes Plus,Sports,TrailRunner,299.60,621,3.9,2025-10-09
P00668,Compression Shirt Pro,Sports,CoreAthlete,103.98,48,4.5,2025-10-13
P00669,Dumbbells Pair 2x5kg,Sports,TrailRunner,261.38,787,3.1,2025-07-23
P00670,Compression Shirt - Silver,Sports,PeakMotion,50.54,700,3.8,2025-03-17
P00671,Running Shoes Max M,Sports,WaveRider,101.03,305,3.9,2025-08-07
P00672,Dumbbells Pair 2x5kg Pro - Blue,Sports,PeakMotion,108.67,770,3.2,2024-07-05
P00673,Fitness Tracker Pro,Sports,CoreAthlete,162.90,775,4.6,2025-03-21
P00674,Football Size 5 Plus S,Sports,PeakMotion,31.27,448,4.8,2025-09-11
P00675,Tennis Racket Pro,Sports,PeakMotion,164.09,732,3.4,2025-01-10
P00676,Football Size 5 Pro,Sports,AeroFlex,135.67,56,4.3,2024-07-20
P00677,Basketball Lite,Sports,TrailRunner,322.08,698,3.3,2025-08-21
P00678,Fitness Tracker Lite - Graphite,Sports,WaveRider,162.28,689,4.3,2024-06-10
P00679,Running Shoes Pro - Green,Sports,TrailRunner,63.83,856,4.2,2025-04-15
P00680,Basketball - Blue,Sports,CoreAthlete,193.29,825,4.0,2024-12-15
P00681,Water Bottle 1L Lite,Sports,TrailRunner,166.01,863,4.9,2024-10-02
P00682,Dumbbells Pair 2x5kg L,Sports,FitFoundry,291.58,162,3.0,2025-07-18
P00683,Cycling Gloves - Green,Sports,FitFoundry,236.30,211,4.9,2025-04-08
P00684,Cycling Gloves Pro - Blue,Sports,FitFoundry,30.44,853,5.0,2025-02-15
P00685,Fitness Tracker Lite,Sports,WaveRider,94.38,481,4.4,2024-07-31
P00686,Dumbbells Pair 2x5kg Max M,Sports,PeakMotion,339.06,687,4.1,2024-12-16
P00687,Tennis Racket Lite,Sports,WaveRider,267.81,891,4.1,2024-05-26
P00688,Water Bottle 1L - Blue,Sports,FitFoundry,51.50,390,3.2,2025-04-06
P00689,Running Shoes Max,Sports,FitFoundry,58.35,759,3.9,2024-08-30
P00690,Water Bottle 1L 2.0,Sports,FitFoundry,50.41,746,3.3,2024-10-16
P00691,Water Bottle 1L 2.0,Sports,AeroFlex,321.26,391,4.2,2025-03-01
P00692,Water Bottle 1L Pro,Sports,PeakMotion,163.06,409,3.9,2024-11-09
P00693,Running Shoes,Sports,TrailRunner,299.56,753,4.4,2024-06-06
P00694,Jump Rope,Sports,TrailRunner,48.40,870,2.8,2025-02-11
P00695,Cycling Gloves Pro,Sports,TrailRunner,312.09,556,3.8,2024-09-10
P00696,Cycling Gloves 2.0,Sports,TrailRunner,322.33,183,4.1,2025-02-19
P00697,Tennis Racket 2.0 - Black,Sports,TrailRunner,320.34,502,3.2,2024-12-13
P00698,Tennis Racket Pro,Sports,FitFoundry,58.95,228,4.6,2025-06-21
P00699,Tennis Racket,Sports,TrailRunner,285.07,771,5.0,2024-07-31
P00700,Football Size 5 Pro - Graphite,Sports,FitFoundry,318.47,75,4.5,2024-11-12
P00701,Moisturizing Cream 50ml L - Black,Beauty,OceanMist,41.90,1054,3.1,2025-01-03
P00702,Moisturizing Cream 50ml Max,Beauty,OceanMist,88.33,342,4.9,2025-03-04
P00703,Face Serum 30ml Max,Beauty,SilkAura,31.69,1117,3.9,2024-11-29
P00704,Conditioner 300ml 2.0 S - Green,Beauty,VelvetSkin,49.79,679,5.0,2024-12-27
P00705,Hand Cream 75ml Max,Beauty,OceanMist,29.83,1158,3.6,2025-07-03
P00706,Lip Balm S,Beauty,SilkAura,86.17,949,2.6,2024-09-22
P00707,Shampoo 300ml Plus,Beauty,PureGlow,109.31,948,3.9,2025-03-30
P00708,Sunscreen SPF50 100ml Max,Beauty,AurumCare,27.27,487,3.9,2025-10-02
P00709,Hand Cream 75ml Plus - Black,Beauty,AurumCare,102.09,290,4.3,2025-06-05
P00710,Hand Cream 75ml L - Red,Beauty,PureGlow,19.37,725,4.9,2024-04-30
P00711,Micellar Water 400ml Plus L,Beauty,LunaLeaf,75.31,711,4.6,2024-06-18
P00712,Facial Cleanser 200ml,Beauty,SilkAura,44.36,1151,3.1,2025-08-28
P00713,Face Serum 30ml L,Beauty,VelvetSkin,69.96,827,5.0,2025-09-02
P00714,Hand Cream 75ml Plus - Green,Beauty,AurumCare,76.01,915,3.6,2025-10-15
P00715,Face Mask Sheet,Beauty,PureGlow,19.68,889,4.6,2025-08-06
P00716,Body Lotion 250ml - Silver,Beauty,PureGlow,81.96,663,3.0,2024-08-25
P00717,Hand Cream 75ml,Beauty,PureGlow,2.73,783,4.0,2025-09-11
P00718,Face Serum 30ml,Beauty,OceanMist,127.41,846,3.0,2025-07-06
P00719,Moisturizing Cream 50ml Plus - Graphite,Beauty,SilkAura,106.20,879,4.5,2025-07-27
P00720,Shampoo 300ml - Blue,Beauty,AurumCare,131.84,211,3.8,2025-07-30
P00721,Body Lotion 250ml Pro,Beauty,PureGlow,21.40,407,4.0,2025-01-15
P00722,Facial Cleanser 200ml - Silver,Beauty,VelvetSkin,11.71,19,4.2,2024-05-22
P00723,Lip Balm XL - Black,Beauty,SilkAura,12.65,757,4.8,2025-08-22
P00724,Hand Cream 75ml,Beauty,VelvetSkin,2.91,192,3.6,2024-06-12
P00725,Face Serum 30ml Plus - Green,Beauty,SilkAura,60.39,853,3.1,2025-06-02
P00726,Lip Balm,Beauty,SilkAura,65.05,125,3.9,2025-09-06
P00727,Shampoo 300ml XL - Blue,Beauty,LunaLeaf,92.35,829,2.5,2025-05-05
P00728,Moisturizing Cream 50ml Lite,Beauty,VelvetSkin,68.49,652,3.1,2024-11-12
P00729,Micellar Water 400ml Pro M - Green,Beauty,SilkAura,78.72,315,4.7,2024-12-05
P00730,Body Lotion 250ml,Beauty,VelvetSkin,98.43,896,3.5,2025-09-17
P00731,Shampoo 300ml Plus L,Beauty,PureGlow,107.01,1180,4.2,2025-02-28
P00732,Body Lotion 250ml Plus S,Beauty,OceanMist,64.81,283,3.5,2024-07-25
P00733,Moisturizing Cream 50ml Lite,Beauty,SilkAura,77.40,830,4.1,2025-08-22
P00734,Hand Cream 75ml Plus XL - Red,Beauty,AurumCare,136.27,583,4.6,2025-08-04
P00735,Conditioner 300ml,Beauty,LunaLeaf,65.34,165,3.5,2025-01-24
P00736,Body Lotion 250ml M,Beauty,VelvetSkin,61.09,638,4.2,2024-07-22
P00737,Hair Oil 100ml - Green,Beauty,SilkAura,12.16,255,4.3,2024-11-08
P00738,Lip Balm S,Beauty,LunaLeaf,50.76,402,4.5,2025-06-15
P00739,Lip Balm Plus XL,Beauty,PureGlow,5.57,728,4.3,2024-12-19
P00740,Body Lotion 250ml Pro - Black,Beauty,AurumCare,126.14,152,3.4,2025-10-01
P00741,Face Mask Sheet Max,Beauty,VelvetSkin,138.50,449,4.9,2025-05-22
P00742,Body Lotion 250ml Pro,Beauty,PureGlow,93.93,603,4.1,2025-07-10
P00743,Face Serum 30ml XL,Beauty,PureGlow,39.40,177,4.4,2024-07-18
P00744,Conditioner 300ml,Beauty,AurumCare,130.17,160,4.5,2024-08-07
P00745,Body Lotion 250ml Pro S - Graphite,Beauty,SilkAura,4.49,544,4.5,2024-10-24
P00746,Lip Balm Max - Black,Beauty,SilkAura,38.77,819,4.3,2025-06-01
P00747,Micellar Water 400ml Pro,Beauty,SilkAura,129.80,49,5.0,2025-03-24
P00748,Conditioner 300ml 2.0,Beauty,OceanMist,47.01,203,4.7,2025-07-19
P00749,Micellar Water 400ml Pro,Beauty,AurumCare,100.06,7,4.3,2024-10-24
P00750,Face Mask Sheet,Beauty,OceanMist,57.80,457,4.3,2025-05-04
P00751,Face Mask Sheet XL,Beauty,LunaLeaf,9.92,127,4.6,2024-07-02
P00752,Moisturizing Cream 50ml Max,Beauty,VelvetSkin,31.44,428,4.7,2024-06-15
P00753,Body Lotion 250ml,Beauty,LunaLeaf,25.17,601,4.6,2025-06-08
P00754,Shampoo 300ml Pro,Beauty,AurumCare,92.78,962,5.0,2024-12-14
P00755,Moisturizing Cream 50ml Lite,Beauty,VelvetSkin,134.06,584,5.0,2025-01-10
P00756,Hand Cream 75ml,Beauty,SilkAura,56.52,427,4.0,2024-12-07
P00757,Hair Oil 100ml Lite S,Beauty,OceanMist,120.61,143,4.8,2025-09-01
P00758,Face Mask Sheet L,Beauty,SilkAura,131.34,966,3.2,2024-05-06
P00759,Conditioner 300ml,Beauty,VelvetSkin,92.75,21,4.5,2024-05-09
P00760,Hair Oil 100ml,Beauty,AurumCare,30.29,821,4.0,2024-05-03
P00761,Face Serum 30ml Plus M,Beauty,SilkAura,29.36,1029,4.0,2024-12-19
P00762,Moisturizing Cream 50ml 2.0 - Graphite,Beauty,SilkAura,92.41,339,3.9,2025-08-17
P00763,Body Lotion 250ml Pro,Beauty,OceanMist,111.37,21,4.4,2025-01-28
P00764,Micellar Water 400ml Max XL,Beauty,VelvetSkin,29.66,227,3.9,2025-03-11
P00765,Hair Oil 100ml 2.0 - White,Beauty,AurumCare,127.31,100,4.0,2025-01-10
P00766,Conditioner 300ml Pro,Beauty,PureGlow,88.22,287,5.0,2025-06-21
P00767,Moisturizing Cream 50ml Pro - Green,Beauty,LunaLeaf,48.64,833,5.0,2024-06-02
P00768,Shampoo 300ml Max,Beauty,AurumCare,78.94,850,3.7,2024-07-07
P00769,Facial Cleanser 200ml Plus - Red,Beauty,PureGlow,92.86,1126,3.0,2024-12-15
P00770,Conditioner 300ml Pro L,Beauty,VelvetSkin,105.44,146,4.4,2025-09-08
P00771,Conditioner 300ml XL,Beauty,SilkAura,32.34,922,5.0,2024-08-08
P00772,Lip Balm,Beauty,VelvetSkin,89.61,899,4.4,2024-06-01
P00773,Facial Cleanser 200ml Max,Beauty,OceanMist,49.54,1010,5.0,2024-07-10
P00774,Hair Oil 100ml Pro - Blue,Beauty,LunaLeaf,71.11,1160,4.5,2024-08-07
P00775,Face Mask Sheet,Beauty,LunaLeaf,22.30,54,3.5,2024-11-29
P00776,Lip Balm Max,Beauty,VelvetSkin,30.83,203,4.8,2025-09-22
P00777,Sunscreen SPF50 100ml 2.0 - Green,Beauty,SilkAura,135.21,335,3.0,2025-06-18
P00778,Moisturizing Cream 50ml - Red,Beauty,AurumCare,95.86,984,3.8,2024-05-26
P00779,Facial Cleanser 200ml,Beauty,PureGlow,31.85,1022,2.6,2024-08-07
P00780,Moisturizing Cream 50ml Pro XL,Beauty,AurumCare,72.28,1056,4.3,2024-05-16
P00781,Body Lotion 250ml,Beauty,SilkAura,16.46,744,4.8,2024-12-13
P00782,Facial Cleanser 200ml,Beauty,LunaLeaf,19.85,437,4.2,2025-06-17
P00783,Sunscreen SPF50 100ml 2.0 L,Beauty,SilkAura,57.04,1136,3.6,2025-06-12
P00784,Moisturizing Cream 50ml,Beauty,AurumCare,120.47,360,4.6,2024-09-17
P00785,Conditioner 300ml L,Beauty,VelvetSkin,38.51,344,4.1,2025-03-08
P00786,Body Lotion 250ml - Black,Beauty,LunaLeaf,79.95,909,3.5,2024-05-25
P00787,Sunscreen SPF50 100ml XL,Beauty,PureGlow,89.45,358,4.0,2025-05-24
P00788,Lip Balm,Beauty,LunaLeaf,24.46,140,4.1,2025-04-30
P00789,Hair Oil 100ml M - Silver,Beauty,LunaLeaf,62.47,799,3.9,2025-09-01
P00790,Face Mask Sheet,Beauty,OceanMist,16.06,532,2.7,2025-10-02
P00791,Body Lotion 250ml - Silver,Beauty,AurumCare,81.83,1040,3.3,2025-07-10
P00792,Sunscreen SPF50 100ml,Beauty,PureGlow,39.84,692,3.1,2025-09-27
P00793,Facial Cleanser 200ml S,Beauty,LunaLeaf,46.03,108,4.2,2024-12-07
P00794,Hand Cream 75ml 2.0,Beauty,OceanMist,82.19,505,4.9,2024-11-16
P00795,Moisturizing Cream 50ml,Beauty,LunaLeaf,124.66,1150,3.5,2024-07-26
P00796,Facial Cleanser 200ml Plus,Beauty,VelvetSkin,134.25,786,4.2,2025-03-03
P00797,Sunscreen SPF50 100ml,Beauty,VelvetSkin,114.51,83,4.4,2025-05-01
P00798,Hand Cream 75ml Plus,Beauty,VelvetSkin,139.58,698,4.0,2024-12-30
P00799,Conditioner 300ml Max S,Beauty,VelvetSkin,96.41,357,5.0,2024-09-19
P00800,Face Mask Sheet,Beauty,LunaLeaf,135.28,478,5.0,2024-07-28
P00801,Cookbook - Quick Meals - Red,Books,Atlas Editions,63.37,246,4.2,2024-08-30
P00802,Paperback Novel Lite M,Books,Orion Leaf,16.39,218,3.6,2025-07-18
P00803,Cookbook - Quick Meals Plus M - Blue,Books,Orion Leaf,71.91,386,4.9,2024-05-19
P00804,Poetry Collection Pro - White,Books,Silver Quill,27.97,2,3.3,2025-03-09
P00805,Mystery Thriller,Books,Silver Quill,67.46,417,4.7,2025-09-22
P00806,Poetry Collection Pro,Books,Northwind Press,42.52,366,3.8,2025-05-08
P00807,Travel Guide: Japan S,Books,Atlas Editions,78.86,312,4.1,2024-08-08
P00808,Poetry Collection - Green,Books,Atlas Editions,29.38,75,3.7,2024-05-10
P00809,Beginners German Max,Books,Atlas Editions,51.71,9,4.7,2024-07-27
P00810,Business Strategy 101 M,Books,OpenPage,50.87,438,3.1,2025-01-25
P00811,Poetry Collection XL,Books,Northwind Press,72.06,143,4.6,2025-03-03
P00812,Cookbook - Quick Meals Plus,Books,Sunset House,15.60,178,5.0,2025-01-21
P00813,Mystery Thriller Pro M - Black,Books,Northwind Press,66.42,143,5.0,2024-06-28
P00814,Short Stories Lite,Books,Sunset House,54.74,25,3.4,2025-08-29
P00815,Short Stories Plus,Books,Silver Quill,44.93,414,3.5,2024-12-06
P00816,Short Stories Max S - Blue,Books,Northwind Press,9.48,450,4.9,2024-12-24
P00817,Travel Guide: Japan Max,Books,Sunset House,17.83,392,3.7,2025-06-22
P00818,History of Art M - Green,Books,OpenPage,37.96,145,3.7,2025-03-08
P00819,Business Strategy 101 - Red,Books,Northwind Press,9.58,311,4.2,2024-09-10
P00820,Beginners German Lite,Books,OpenPage,48.86,98,3.9,2024-08-28
P00821,Beginners German,Books,Northwind Press,73.32,324,3.2,2025-02-03
P00822,Data Science Handbook,Books,Atlas Editions,53.68,227,4.5,2025-09-26
P00823,History of Art Pro,Books,Northwind Press,13.64,309,5.0,2025-03-01
P00824,Cookbook - Quick Meals XL,Books,Northwind Press,30.98,91,5.0,2024-08-03
P00825,Beginners German M,Books,Atlas Editions,71.44,372,4.2,2024-07-16
P00826,Short Stories L - Graphite,Books,OpenPage,13.13,241,4.1,2025-03-18
P00827,Beginners German Max,Books,Atlas Editions,63.57,226,4.2,2024-08-12
P00828,Paperback Novel Pro S,Books,OpenPage,44.73,206,4.6,2025-08-08
P00829,Poetry Collection M,Books,Atlas Editions,19.62,109,4.7,2025-01-08
P00830,Short Stories - Graphite,Books,Orion Leaf,17.45,261,2.9,2025-08-28
P00831,Beginners German Lite,Books,Silver Quill,29.29,150,4.2,2024-06-21
P00832,Travel Guide: Japan Pro - Graphite,Books,Silver Quill,6.19,104,5.0,2025-02-21
P00833,Cookbook - Quick Meals Lite,Books,OpenPage,36.86,495,3.6,2025-07-02
P00834,Mystery Thriller M,Books,OpenPage,62.81,467,3.4,2025-01-01
P00835,Data Science Handbook,Books,Northwind Press,56.05,379,4.1,2025-08-11
P00836,Data Science Handbook,Books,Northwind Press,37.35,121,3.8,2025-08-16
P00837,Business Strategy 101,Books,Silver Quill,78.31,423,5.0,2024-07-27
P00838,Paperback Novel,Books,Silver Quill,65.37,362,4.3,2025-03-22
P00839,Poetry Collection,Books,Silver Quill,68.19,37,4.1,2024-12-28
P00840,Travel Guide: Japan,Books,OpenPage,16.19,106,4.4,2025-10-05
P00841,Poetry Collection - Silver,Books,Silver Quill,7.06,487,4.6,2024-07-06
P00842,Cookbook - Quick Meals Max - Blue,Books,Sunset House,55.64,228,3.9,2024-12-04
P00843,Travel Guide: Japan Plus - Black,Books,Atlas Editions,42.16,221,4.2,2024-09-17
P00844,Business Strategy 101 - Graphite,Books,Silver Quill,54.11,118,4.2,2025-01-28
P00845,Paperback Novel M,Books,Orion Leaf,57.08,174,3.7,2024-08-08
P00846,Short Stories Max M,Books,Atlas Editions,33.41,109,3.8,2025-01-09
P00847,Travel Guide: Japan 2.0,Books,Orion Leaf,39.20,160,4.7,2025-06-01
P00848,Business Strategy 101 Pro M,Books,Atlas Editions,25.58,423,3.9,2025-10-02
P00849,Data Science Handbook,Books,Sunset House,22.21,104,3.8,2025-06-24
P00850,Poetry Collection,Books,Orion Leaf,70.29,243,4.5,2024-07-27
P00851,Mystery Thriller Pro L,Books,Silver Quill,72.78,416,4.5,2024-10-07
P00852,Data Science Handbook,Books,Orion Leaf,49.92,452,5.0,2025-03-17
P00853,Business Strategy 101 XL - Blue,Books,Atlas Editions,26.11,196,3.3,2025-05-27
P00854,Poetry Collection,Books,Silver Quill,70.25,3,4.0,2024-05-05
P00855,Travel Guide: Japan M - White,Books,Sunset House,12.73,216,4.8,2024-05-06
P00856,Business Strategy 101,Books,Atlas Editions,77.06,390,4.5,2024-12-04
P00857,Business Strategy 101 - Green,Books,Sunset House,27.66,348,4.4,2025-10-01
P00858,Poetry Collection XL,Books,Atlas Editions,30.12,434,4.1,2024-08-02
P00859,Data Science Handbook,Books,OpenPage,47.29,306,3.4,2024-05-31
P00860,Business Strategy 101 - Silver,Books,Silver Quill,22.31,49,4.7,2024-12-29
P00861,History of Art XL,Books,OpenPage,22.03,288,4.7,2025-03-07
P00862,Fantasy Epic Vol. 1 M - Silver,Books,Orion Leaf,59.63,25,3.0,2025-03-27
P00863,Data Science Handbook Pro,Books,Atlas Editions,7.80,347,5.0,2025-08-30
P00864,Data Science Handbook - Green,Books,Atlas Editions,51.32,451,3.4,2024-12-21
P00865,Paperback Novel Pro S,Books,OpenPage,48.38,145,3.7,2025-01-19
P00866,Short Stories - Black,Books,Orion Leaf,11.82,201,4.5,2025-07-05
P00867,History of Art,Books,Silver Quill,31.45,55,4.3,2025-03-09
P00868,Data Science Handbook L,Books,Silver Quill,29.71,316,4.2,2025-02-16
P00869,Childrens Stories M,Books,Orion Leaf,15.60,274,5.0,2025-03-13
P00870,Poetry Collection - Green,Books,Silver Quill,26.69,262,4.3,2024-10-15
P00871,Mystery Thriller - Silver,Books,Orion Leaf,38.54,220,3.4,2024-12-13
P00872,Paperback Novel,Books,Sunset House,23.78,384,4.8,2024-08-16
P00873,Beginners German,Books,Northwind Press,46.69,353,4.9,2025-01-22
P00874,Paperback Novel,Books,OpenPage,64.93,130,3.3,2024-12-26
P00875,Mystery Thriller Lite,Books,Silver Quill,47.53,219,3.7,2025-06-23
P00876,Short Stories,Books,Orion Leaf,21.19,204,4.9,2024-06-01
P00877,Cookbook - Quick Meals Lite - Silver,Books,Atlas Editions,69.33,391,4.3,2024-12-23
P00878,Cookbook - Quick Meals 2.0,Books,Northwind Press,53.36,3,4.8,2024-12-28
P00879,Fantasy Epic Vol. 1 - Graphite,Books,Atlas Editions,52.10,102,3.9,2025-07-18
P00880,History of Art - Silver,Books,OpenPage,28.01,402,4.0,2024-05-24
P00881,Childrens Stories 2.0 S,Books,Northwind Press,11.01,410,3.3,2024-05-01
P00882,Fantasy Epic Vol. 1,Books,Silver Quill,27.10,133,3.5,2025-06-19
P00883,History of Art,Books,Sunset House,36.85,60,5.0,2024-12-05
P00884,Data Science Handbook S,Books,Orion Leaf,28.54,317,4.4,2025-06-16
P00885,Childrens Stories Plus,Books,Atlas Editions,43.09,157,4.5,2024-08-15
P00886,Poetry Collection Lite,Books,OpenPage,77.43,248,4.2,2024-11-28
P00887,History of Art,Books,OpenPage,66.04,67,3.7,2024-12-25
P00888,Poetry Collection - Graphite,Books,Orion Leaf,24.78,310,2.7,2025-07-23
P00889,Mystery Thriller 2.0 XL,Books,Silver Quill,29.64,425,4.4,2024-09-21
P00890,Data Science Handbook,Books,Orion Leaf,75.33,46,3.6,2024-06-19
P00891,Poetry Collection Lite M,Books,Sunset House,9.56,392,4.4,2024-05-22
P00892,Travel Guide: Japan Max,Books,Atlas Editions,11.59,419,3.1,2024-05-09
P00893,Travel Guide: Japan,Books,Atlas Editions,19.70,450,4.7,2025-06-15
P00894,Poetry Collection Max S,Books,Orion Leaf,28.49,340,3.9,2025-10-06
P00895,Data Science Handbook,Books,Atlas Editions,28.22,117,4.4,2025-06-15
P00896,Beginners German XL,Books,Northwind Press,22.43,491,5.0,2025-03-07
P00897,Paperback Novel - Blue,Books,Northwind Press,6.54,462,4.3,2025-01-31
P00898,Travel Guide: Japan XL,Books,Northwind Press,48.87,187,4.4,2024-06-27
P00899,Childrens Stories Pro,Books,Atlas Editions,70.79,493,3.3,2024-08-23
P00900,Data Science Handbook,Books,Atlas Editions,76.67,361,3.6,2025-09-15
P00901,Aquarium Filter S - White,Pets,WildFeast,104.36,244,1.8,2025-04-06
P00902,Bird Seed 1kg Max,Pets,WildFeast,93.18,1,4.3,2025-01-19
P00903,Pet Bed Medium L,Pets,Paw&Co,120.70,44,3.9,2024-06-27
P00904,Small Animal Hay 1kg,Pets,PetNest,60.02,700,3.4,2024-11-19
P00905,Pet Shampoo 250ml,Pets,PetNest,180.44,547,4.4,2025-04-17
P00906,Dry Dog Food 5kg,Pets,Paw&Co,92.58,89,4.2,2025-04-21
P00907,Pet Shampoo 250ml M,Pets,FurryFriends,141.09,688,4.5,2024-11-22
P00908,Dog Leash Nylon,Pets,PetNest,172.76,271,4.5,2025-10-02
P00909,Pet Treats Mixed 500g M - White,Pets,AquaPets,147.83,491,4.3,2025-05-20
P00910,Pet Treats Mixed 500g Lite XL - Red,Pets,HappyTail,19.70,303,4.4,2025-03-22
P00911,Aquarium Filter L - White,Pets,Paw&Co,98.30,400,4.9,2025-07-18
P00912,Pet Treats Mixed 500g,Pets,HappyTail,81.86,596,3.4,2024-07-05
P00913,Bird Seed 1kg 2.0 - Blue,Pets,PetNest,23.38,174,3.6,2025-09-22
P00914,Bird Seed 1kg 2.0,Pets,WildFeast,59.12,616,3.4,2025-08-07
P00915,Pet Shampoo 250ml Plus - Blue,Pets,FurryFriends,102.17,352,4.6,2025-05-29
P00916,Dog Leash Nylon Max - Red,Pets,HappyTail,75.98,238,4.6,2025-08-22
P00917,Aquarium Filter,Pets,FurryFriends,60.21,156,3.0,2024-08-16
P00918,Pet Shampoo 250ml 2.0 - Silver,Pets,FurryFriends,141.82,513,3.4,2024-10-16
P00919,Aquarium Filter,Pets,PetNest,67.23,205,5.0,2025-10-08
P00920,Pet Shampoo 250ml Plus,Pets,Paw&Co,97.27,691,3.5,2024-12-12
P00921,Cat Litter 10L - Graphite,Pets,PetNest,116.62,284,3.6,2025-10-19
P00922,Pet Treats Mixed 500g Max,Pets,WildFeast,97.41,443,3.4,2025-01-31
P00923,Cat Scratching Post Pro,Pets,PetNest,100.86,163,4.5,2024-08-06
P00924,Cat Litter 10L 2.0 S,Pets,Paw&Co,160.83,675,4.0,2025-03-17
P00925,Aquarium Filter Pro M - Blue,Pets,AquaPets,57.42,249,3.6,2024-11-20
P00926,Pet Treats Mixed 500g Pro,Pets,AquaPets,13.42,484,4.4,2025-08-08
P00927,Cat Litter 10L,Pets,WildFeast,113.46,448,4.4,2025-05-19
P00928,Dog Leash Nylon Plus - Green,Pets,HappyTail,21.56,275,5.0,2024-05-22
P00929,Bird Seed 1kg Lite,Pets,AquaPets,57.36,183,4.2,2024-12-25
P00930,Pet Bed Medium Plus XL,Pets,AquaPets,55.81,131,3.9,2024-09-28
P00931,Aquarium Filter Pro,Pets,AquaPets,172.05,24,4.5,2025-05-20
P00932,Cat Litter 10L L,Pets,FurryFriends,76.39,312,4.1,2024-09-10
P00933,Aquarium Filter,Pets,Paw&Co,48.62,576,3.8,2025-06-21
P00934,Bird Seed 1kg,Pets,FurryFriends,13.52,252,4.3,2024-10-10
P00935,Cat Litter 10L M - Green,Pets,PetNest,194.53,88,4.5,2025-08-29
P00936,Pet Bed Medium,Pets,FurryFriends,136.77,368,3.6,2024-09-21
P00937,Dog Leash Nylon,Pets,PetNest,140.62,438,4.0,2024-06-28
P00938,Aquarium Filter,Pets,Paw&Co,29.24,443,3.4,2025-10-07
P00939,Bird Seed 1kg Plus,Pets,AquaPets,132.10,686,4.1,2025-02-11
P00940,Pet Shampoo 250ml,Pets,WildFeast,178.36,630,3.8,2025-01-20
P00941,Pet Treats Mixed 500g M,Pets,FurryFriends,10.53,353,3.9,2025-02-26
P00942,Dog Leash Nylon L,Pets,PetNest,59.81,110,4.4,2024-08-08
P00943,Aquarium Filter Max M - Green,Pets,HappyTail,50.26,102,3.5,2025-08-15
P00944,Fish Flakes 200g S - Blue,Pets,PetNest,184.90,381,4.4,2025-05-02
P00945,Bird Seed 1kg,Pets,WildFeast,199.08,158,3.8,2025-01-12
P00946,Pet Shampoo 250ml Pro - Red,Pets,WildFeast,26.75,107,4.5,2025-10-06
P00947,Cat Scratching Post Plus,Pets,Paw&Co,147.88,315,4.0,2024-08-17
P00948,Cat Litter 10L M,Pets,PetNest,121.48,61,4.1,2025-08-18
P00949,Pet Shampoo 250ml XL - Black,Pets,AquaPets,38.94,591,3.5,2025-10-08
P00950,Cat Litter 10L,Pets,Paw&Co,62.16,315,3.7,2025-07-05
P00951,Pet Shampoo 250ml - Red,Pets,HappyTail,173.80,79,4.6,2024-08-20
P00952,Pet Bed Medium Max XL,Pets,PetNest,42.11,267,4.5,2025-10-13
P00953,Small Animal Hay 1kg 2.0,Pets,HappyTail,61.52,651,4.1,2024-07-10
P00954,Pet Bed Medium Plus,Pets,WildFeast,3.95,69,4.9,2024-12-10
P00955,Dry Dog Food 5kg,Pets,Paw&Co,111.94,274,3.5,2025-04-24
P00956,Bird Seed 1kg Pro S - Silver,Pets,Paw&Co,4.98,541,3.8,2024-07-14
P00957,Pet Treats Mixed 500g,Pets,Paw&Co,183.42,122,5.0,2025-08-16
P00958,Pet Bed Medium L,Pets,HappyTail,108.12,369,4.5,2025-05-18
P00959,Cat Toys (6-pack),Pets,HappyTail,189.39,518,3.6,2025-05-16
P00960,Pet Bed Medium,Pets,AquaPets,18.26,66,3.9,2024-12-18
P00961,Bird Seed 1kg S - Silver,Pets,WildFeast,142.56,442,3.5,2025-10-17
P00962,Dog Leash Nylon Pro,Pets,WildFeast,82.43,116,3.9,2025-09-23
P00963,Pet Shampoo 250ml Max - Green,Pets,WildFeast,177.81,259,4.1,2024-07-17
P00964,Aquarium Filter,Pets,PetNest,193.86,283,5.0,2024-05-22
P00965,Pet Bed Medium,Pets,PetNest,104.27,15,4.9,2024-10-30
P00966,Cat Litter 10L Plus,Pets,HappyTail,52.97,389,3.9,2024-10-16
P00967,Cat Litter 10L 2.0 XL,Pets,AquaPets,185.24,86,3.7,2024-11-11
P00968,Dog Leash Nylon - Silver,Pets,WildFeast,17.14,246,3.3,2024-06-11
P00969,Aquarium Filter XL,Pets,WildFeast,47.83,66,5.0,2024-06-17
P00970,Cat Scratching Post - Red,Pets,FurryFriends,162.26,428,5.0,2024-08-04
P00971,Pet Bed Medium Pro - Red,Pets,WildFeast,144.36,264,3.8,2025-09-21
P00972,Cat Toys (6-pack) 2.0 XL - Red,Pets,PetNest,97.78,186,3.0,2024-12-17
P00973,Fish Flakes 200g M,Pets,PetNest,120.56,17,5.0,2024-07-19
P00974,Dog Leash Nylon Lite,Pets,WildFeast,104.69,426,4.5,2025-04-18
P00975,Aquarium Filter - Blue,Pets,HappyTail,5.79,645,2.9,2024-06-12
P00976,Pet Shampoo 250ml M,Pets,FurryFriends,45.09,457,2.7,2025-10-04
P00977,Pet Bed Medium - Silver,Pets,PetNest,193.48,125,3.6,2025-06-15
P00978,Dry Dog Food 5kg 2.0,Pets,HappyTail,80.88,500,4.4,2025-01-18
P00979,Fish Flakes 200g,Pets,HappyTail,68.59,610,3.6,2024-12-30
P00980,Small Animal Hay 1kg,Pets,AquaPets,111.22,232,3.7,2024-12-11
P00981,Bird Seed 1kg 2.0 - Blue,Pets,PetNest,124.98,126,4.2,2024-05-16
P00982,Cat Litter 10L Lite S,Pets,Paw&Co,64.17,221,2.9,2024-09-15
P00983,Bird Seed 1kg - White,Pets,WildFeast,113.43,602,3.9,2024-07-27
P00984,Small Animal Hay 1kg Plus,Pets,Paw&Co,136.54,110,4.1,2024-08-24
P00985,Pet Treats Mixed 500g Pro S - Black,Pets,AquaPets,181.96,660,4.1,2025-04-24
P00986,Fish Flakes 200g Max XL,Pets,PetNest,31.03,680,4.4,2024-07-11
P00987,Pet Treats Mixed 500g,Pets,AquaPets,143.78,54,2.1,2024-10-22
P00988,Pet Treats Mixed 500g,Pets,HappyTail,99.18,584,4.1,2025-07-06
P00989,Small Animal Hay 1kg L - Silver,Pets,HappyTail,32.19,589,5.0,2024-11-16
P00990,Cat Litter 10L,Pets,Paw&Co,196.00,20,3.3,2025-08-05
P00991,Dry Dog Food 5kg Max XL,Pets,WildFeast,55.45,477,5.0,2025-07-10
P00992,Cat Scratching Post Pro,Pets,FurryFriends,99.74,218,3.1,2024-07-29
P00993,Cat Scratching Post Plus,Pets,FurryFriends,5.83,146,2.8,2024-10-11
P00994,Aquarium Filter L,Pets,WildFeast,189.23,268,3.3,2025-09-24
P00995,Bird Seed 1kg,Pets,HappyTail,4.30,124,5.0,2024-10-09
P00996,Pet Bed Medium Lite S,Pets,PetNest,61.77,228,4.5,2024-11-24
P00997,Pet Shampoo 250ml Plus - White,Pets,AquaPets,111.93,101,3.8,2025-05-19
P00998,Dog Leash Nylon XL,Pets,HappyTail,148.29,613,3.1,2024-05-31
P00999,Dog Leash Nylon 2.0 - Silver,Pets,FurryFriends,193.92,321,4.4,2024-08-31
P01000,Bird Seed 1kg,Pets,Paw&Co,170.70,574,4.1,2025-05-09
